house_id,neighborhood,lot_area,lot_frontage,year_built,gr_liv_area,bedrooms,full_bath,central_air,fireplace_qual,garage_yr_built,pool_qc,kitchen_qual,exterior_color,sale_date,sale_price
1220,Somerset,6339,58.0,1955,885,1,1,Y,,1953.0,,Po,brick,09/07/1955,146251.0
1169,OldTown,9227,62.0,1940,1516,4,2,Yes,TA,1945.0,,TA,blue,1940-03-19,99200.0
1049,OldTown,12262,36.0,1950,1784,4,2,Y,Gd,1955.0,,Po,beige,19-Dec-1950,135344.0
1270,BrookSide,7592,48.0,1945,1509,4,3,Y,,1950.0,,Ex,blue,1945-02-25,180715.0
1277,CollegeCreek,9136,52.0,1902,951,1,1,Y,TA,1903.0,,Fa,brick,20-Sep-1902,132711.0
1419,BrookSide,9252,64.0,1967,2108,4,2,Y,TA,1974.0,,Gd,gray,1967-03-05,186543.0
1221,CollegeCreek,8519,85.0,1941,1777,4,3,Yes,Fa,,,TA,white,1941-10-25,217221.0
1317,CollegeCreek,6853,,1967,1492,3,1,Y,,1972.0,,TA,white,09/02/1967,210849.0
1344,NorthRidge,5026,48.0,2002,1875,3,2,Y,,2004.0,,TA,gray,11/05/2002,302136.0
1457,BrookSide,16240,,1936,1230,3,3,N,TA,1940.0,,fa,brick,01-Mar-1936,133133.0
1033,Sawyer,12029,79.0,1985,1390,2,1,Y,,1983.0,,Ex,brick,11/26/1985,181124.0
1554,OldTown,5732,53.0,1910,1396,3,2,Y,,1916.0,,Po,gray,02/20/1910,106043.0
1296,Edwards,5897,58.0,1902,927,2,1,Y,,1909.0,,Po,white,12/19/1902,82014.0
1491,OldTown,11786,,1949,1740,2,1,Y,TA,1949.0,,Gd,blue,01-Dec-1949,208204.0
1288,Somerset,6984,81.0,1917,2348,4,2,Y,TA,1923.0,,Gd,gray,05-Sep-1917,274460.0
1348,Gilbert,7949,81.0,2009,1164,3,1,Y,,2010.0,,ta,beige,2009-12-16,160615.0
1191,BrookSide,10690,55.0,1952,1583,3,1,Y,,1953.0,,TA,white,1952-09-23,171181.0
1540,OldTown,6502,102.0,1977,1369,1,1,Y,TA,1978.0,,Po,white,1977-12-02,121856.0
1511,BrookSide,14127,87.0,1996,1294,4,2,Y,TA,1996.0,,Gd,gray,12-Feb-1996,198252.0
1569,Somerset,6583,79.0,1956,1800,3,3,N,,1961.0,,Gd,gray,25-Feb-1956,176214.0
1204,Sawyer,8684,,1947,1518,2,2,Y,,1947.0,,TA,Beige,03/14/1947,153063.0
1158,Gilbert,14897,89.0,1901,1271,2,2,Y,TA,1902.0,,Po,blue,09/26/1901,124259.0
1268,Gilbert,7007,90.0,1916,1504,3,2,Y,Gd,1919.0,,TA,blue,07-Nov-1916,128492.0
1485,Edwards,13402,70.0,1944,1645,4,2,Y,Fa,1950.0,,Po,brick,01-Sep-1944,148954.0
1214,Edwards,13315,64.0,1970,1738,3,3,Y,Gd,1975.0,,Po,beige,04/22/1970,170062.0
1415,BrookSide,6443,77.0,1992,1805,4,2,Y,,1995.0,,Fa,gray,1992-04-11,217087.0
1137,Sawyer,11471,108.0,1982,1770,4,3,Y,,1985.0,,Gd,white,06/06/1982,205444.0
1347,OldTown,15981,81.0,1984,1383,3,1,Y,,1984.0,,TA,white,1984-04-14,194690.0
1590,BrookSide,6767,66.0,1937,1837,4,2,Y,TA,1944.0,,Ex,white,1937-10-25,193108.0
1376,Gilbert,8825,48.0,2005,1629,3,2,Y,,2007.0,,Ex,white,2005-03-11,224579.0
1104,OldTown,10893,98.0,1901,1027,3,2,Y,Gd,1904.0,,TA,brick,12-Apr-1901,86940.0
1171,BrookSide,9933,90.0,1939,1612,3,2,Y,,1938.0,,Fa,white,27-May-1939,161475.0
1203,NorthRidge,6595,74.0,1929,1516,3,1,Y,Ex,1927.0,,Gd,blue,1929-09-14,235803.0
1531,CollegeCreek,7513,64.0,1929,1649,3,1,Y,,,,Fa,brick,05/20/1929,223596.0
1201,CollegeCreek,18044,85.0,1970,1943,5,4,N,TA,1972.0,,Fa,gray,1970-03-07,234781.0
1026,BrookSide,8281,144.0,1935,2178,4,2,Y,,1939.0,,Ex,white,23-Sep-1935,206812.0
1387,Sawyer,6647,66.0,1933,1898,3,2,Y,Gd,1931.0,,Ex,brick,06/01/1933,231064.0
1484,Somerset,6931,60.0,1960,1862,3,2,Y,,1966.0,,Gd,white,04/27/1960,286133.0
1320,Somerset,7718,,1948,1505,2,2,Y,Gd,1951.0,,EX,white,08/12/1948,180700.0
1472,CollegeCreek,8610,37.0,1900,1669,4,2,Y,,1905.0,,TA,blue,1900-10-11,228552.0
1346,NorthRidge,8039,38.0,1932,1700,3,2,Y,TA,1932.0,,Fa,white,11-Feb-1932,211921.0
1505,OldTown,17226,52.0,1999,2070,3,1,Y,,2002.0,,ex,white,1999-05-26,208388.0
1144,Gilbert,7560,,1961,951,3,2,Y,TA,1968.0,,gd,white,11/26/1961,152672.0
1353,Gilbert,9665,89.0,1905,2732,4,2,Y,Ex,1907.0,,Fa,white,1905-05-27,219427.0
1297,Sawyer,6988,30.0,1941,1210,3,2,Y,,1948.0,,Ex,grey,1941-03-18,152085.0
1499,Gilbert,6513,111.0,1930,1331,2,2,Y,Gd,1934.0,,Ex,blue,09/12/1930,197244.0
1401,CollegeCreek,8254,49.0,1908,1473,4,2,Y,,1906.0,,Fa,white,09/07/1908,201183.0
1143,CollegeCreek,5985,76.0,1939,1491,3,2,Y,TA,1945.0,,Gd,gray,1939-10-17,197372.0
1155,Gilbert,8660,49.0,2008,1797,4,2,Y,Fa,2007.0,,Ex,gray,2008-01-03,247687.0
1310,OldTown,13563,126.0,1983,1873,3,3,Y,Ex,1981.0,,Fa,beige,11/10/1983,150595.0
1088,Gilbert,9092,80.0,1913,1273,3,1,Y,TA,1915.0,,Ex,Grey,1913-01-15,163933.0
1217,Edwards,7236,,1901,1200,2,1,N,Gd,1901.0,,Fa,white,05-Dec-1901,129148.0
1004,NorthRidge,9382,79.0,1991,1466,3,1,Y,Po,,,Ex,Beige,22-Aug-1991,281007.0
1240,CollegeCreek,7467,114.0,2009,1809,3,2,Y,TA,2010.0,,Ex,gray,15-Jul-2009,321862.0
1420,Edwards,13085,,1948,849,1,1,Y,Gd,1947.0,,TA,white,1948-02-01,88961.0
1373,Edwards,12696,90.0,1967,480,2,1,Y,,1968.0,,Po,Blue,1967-02-12,68872.0
1195,Edwards,10976,31.0,1950,1795,3,2,Y,Gd,1952.0,,Ta,white,01-Jun-1950,176901.0
1586,CollegeCreek,7532,,1947,1743,3,2,Y,TA,1947.0,,Gd,beige,27-Mar-1947,310704.0
1262,CollegeCreek,7638,86.0,1977,1520,3,1,Y,,1976.0,Fa,Po,WHITE,24-Nov-1977,253067.0
1508,BrookSide,11568,,1906,1022,2,1,Y,,1905.0,,Po,beige,03-Jul-1906,115244.0
1356,NorthRidge,5910,39.0,1953,664,3,3,Y,Gd,,,Po,gray,16-Oct-1953,143046.0
1139,BrookSide,7880,23.0,1930,1970,4,3,Y,,1931.0,,TA,beige,1930-02-13,209205.0
1359,CollegeCreek,7154,92.0,1933,1537,3,1,Y,TA,1933.0,,Ta,blue,1933-11-06,235794.0
1146,CollegeCreek,7195,51.0,1976,1680,4,3,Yes,,1974.0,,Ex,white,03-Oct-1976,276976.0
1379,Edwards,8585,71.0,1964,1323,2,1,Y,Ex,1963.0,,Fa,WHITE,02/04/1964,154192.0
1061,Sawyer,8774,67.0,1961,1194,2,1,Y,,1963.0,,TA,gray,06/04/1961,136423.0
1339,Sawyer,8541,68.0,1905,2103,4,2,Y,Gd,1904.0,,Fa,brick,1905-12-07,190332.0
1463,CollegeCreek,5816,,1902,2145,4,2,Y,,1904.0,,Ta,beige,02/21/1902,283948.0
1476,Sawyer,5100,58.0,1971,1656,3,2,N,Fa,1971.0,,Po,beige,1971-10-25,207044.0
1129,Edwards,14848,68.0,1985,1136,2,1,Y,,1992.0,,Po,beige,08/02/1985,124932.0
1229,Edwards,5677,110.0,1987,1371,3,2,Y,Gd,1985.0,,Gd,brick,03/05/1987,112022.0
1595,NorthRidge,9966,24.0,1972,932,1,1,Y,,1971.0,,TA,WHITE,1972-04-14,165890.0
1095,Somerset,8575,97.0,1920,1174,2,2,Y,Gd,1922.0,,TA,white,12-Feb-1920,188136.0
1180,BrookSide,4617,,1933,1028,3,2,Y,TA,1932.0,,Po,gray,08/16/1933,110283.0
1486,BrookSide,11201,56.0,1914,1978,4,2,N,,1914.0,,TA,beige,10/04/1914,170870.0
1230,CollegeCreek,9182,83.0,1905,2155,5,4,Y,,1908.0,,ex,beige,1905-12-10,253542.0
1149,Somerset,10789,86.0,1989,2574,5,4,Y,TA,1989.0,,Ex,white,19-Jul-1989,353640.0
1093,OldTown,5494,50.0,1947,1490,2,1,Y,Gd,1946.0,,fa,gray,1947-12-13,141464.0
1271,Sawyer,7983,39.0,2005,1544,3,1,N,,2010.0,,Fa,beige,2005-03-10,202416.0
1457,BrookSide,16240,,1936,1230,3,3,N,TA,1940.0,,fa,brick,01-Mar-1936,133133.0
1386,Somerset,6240,,2009,637,1,1,Y,,2010.0,,GD,beige,16-Oct-2009,176207.0
1011,CollegeCreek,8636,,1976,1443,3,2,Y,TA,1974.0,,Po,white,06/05/1976,229373.0
1488,OldTown,9229,59.0,2000,1368,3,3,Y,,2002.0,,Gd,gray,13-Jan-2000,212972.0
1243,Gilbert,9871,91.0,1965,1005,2,1,Y,TA,1965.0,,TA,White,1965-01-11,148901.0
1307,Somerset,9764,59.0,1939,1000,2,2,Y,,1939.0,,Ex,beige,15-Nov-1939,212758.0
1389,NorthRidge,7192,24.0,1975,1354,3,2,Y,,1973.0,,Gd,gray,1975-02-23,262268.0
1519,Somerset,7319,61.0,2008,1437,1,1,Y,,2010.0,,TA,beige,2008-08-25,203672.0
1473,OldTown,6516,70.0,1903,1537,3,2,Y,,1908.0,,Po,Brick,02/06/1903,132786.0
1287,CollegeCreek,5773,68.0,1962,1689,3,2,Y,Fa,1961.0,,FA,beige,08-Jul-1962,256432.0
1174,OldTown,6759,85.0,1982,1917,4,2,Y,,1981.0,,TA,beige,1982-04-09,168195.0
1282,OldTown,8869,75.0,1929,2091,3,2,Y,TA,1935.0,,fa,white,04-Jun-1929,192245.0
1153,Somerset,7111,88.0,1963,1693,4,3,N,,1963.0,,Ex,WHITE,12/21/1963,200326.0
1002,OldTown,6807,60.0,1960,1480,3,2,Y,TA,1962.0,,Gd,beige,07/04/1960,138980.0
1453,BrookSide,11603,68.0,2006,2224,5,3,Y,Gd,2010.0,,Gd,beige,2006-06-09,247590.0
1096,NorthRidge,6892,76.0,1928,1723,5,3,Y,,1928.0,,Gd,white,16-Feb-1928,260362.0
1253,BrookSide,5319,68.0,1910,1427,2,1,Y,,1911.0,,Fa,beige,19-Nov-1910,127292.0
1054,Somerset,8629,,1951,1314,2,1,Y,,1958.0,,TA,beige,1951-01-09,177905.0
1549,Somerset,12037,47.0,1900,1642,4,2,N,TA,1900.0,,TA,beige,1900-07-07,164722.0
1056,Somerset,7330,70.0,1931,777,2,1,Y,Gd,1931.0,,Ta,Gray,1931-11-10,
1207,Sawyer,7637,43.0,1993,480,1,1,Y,Gd,1992.0,,Ta,gray,05/01/1993,155787.0
1070,CollegeCreek,11946,89.0,1975,1291,3,2,Y,,1982.0,,Gd,blue,1975-02-23,199307.0
1349,Edwards,9295,84.0,1925,1760,4,3,Y,TA,1931.0,,TA,brick,05/10/1925,125305.0
1109,BrookSide,7685,73.0,1921,1321,2,1,Y,Fa,1923.0,,TA,brick,22-Jan-1921,112274.0
1210,Sawyer,7405,83.0,1995,1007,2,2,Y,Gd,1998.0,,Fa,white,06-Aug-1995,118932.0
1568,CollegeCreek,7592,62.0,1907,1201,3,2,Y,TA,1913.0,,Fa,brick,11/19/1907,128272.0
1421,CollegeCreek,7900,52.0,1973,1218,2,2,N,,1979.0,,Gd,brick,26-Dec-1973,165040.0
1483,Sawyer,18302,103.0,1921,1834,3,2,Y,Fa,1925.0,,TA,beige,17-Feb-1921,183416.0
1391,CollegeCreek,13865,54.0,1902,695,2,2,Y,TA,1909.0,,Po,brick,1902-07-12,100187.0
1360,BrookSide,12454,114.0,1916,1381,3,1,Y,TA,1919.0,,TA,brick,1916-05-20,151165.0
1455,Gilbert,7842,42.0,1958,1824,3,2,Y,,1963.0,,Ex,Beige,07/27/1958,209425.0
1179,Somerset,12413,70.0,1938,2141,4,3,Y,,1942.0,,TA,beige,10/08/1938,326642.0
1555,Somerset,8859,45.0,1916,727,2,1,Y,TA,1923.0,,Fa,gray,1916-02-15,128145.0
1585,Somerset,10867,75.0,1991,1864,4,2,N,TA,1997.0,,Ex,brick,1991-02-05,343832.0
1057,Somerset,6333,69.0,1939,1400,2,1,Y,TA,1945.0,,Fa,gray,1939-07-22,212026.0
1390,Sawyer,12519,64.0,1906,1710,3,2,N,Gd,1913.0,,Fa,white,19-Aug-1906,133067.0
1495,CollegeCreek,9447,65.0,1953,1248,4,3,Y,,1954.0,,Fa,white,1953-08-09,161411.0
1053,Edwards,14014,79.0,1920,1262,3,2,Y,,1924.0,,ta,beige,15-Jan-1920,143631.0
1467,Somerset,11157,,1952,1329,3,2,Y,,,,Ex,white,1952-06-14,237083.0
1402,OldTown,10121,,2005,2226,4,3,Y,,2007.0,,GD,gray,18-Jun-2005,235306.0
1580,Gilbert,13516,,1976,491,1,1,Y,,1978.0,,Fa,brick,1976-10-22,103336.0
1304,OldTown,7422,36.0,2009,1923,4,2,Y,Gd,2010.0,,Gd,beige,09/25/2009,169075.0
1479,Sawyer,9282,71.0,1932,1369,3,2,Y,,1932.0,,Fa,gray,22-Oct-1932,161446.0
1559,OldTown,14082,67.0,1942,1421,3,2,Y,Gd,1940.0,,Po,beige,08-Jun-1942,134272.0
1188,OldTown,4927,55.0,2005,1336,2,1,Y,,2010.0,,Po,beige,14-May-2005,178638.0
1123,Somerset,16215,61.0,1900,1240,2,1,Y,,1907.0,,Fa,gray,1900-06-25,187434.0
1039,BrookSide,7829,41.0,1912,949,2,2,Y,,1919.0,Gd,Po,white,1912-02-15,72868.0
1409,BrookSide,8841,63.0,2000,708,2,2,Y,,2003.0,,FA,white,2000-01-10,132985.0
1060,NorthRidge,6951,,1991,2069,4,2,Y,Po,1990.0,,Ex,blue,09-Apr-1991,375800.0
1305,Gilbert,5793,41.0,1928,1614,3,2,Y,Gd,1927.0,,Fa,brick,18-Jan-1928,165574.0
1219,Somerset,9318,64.0,1940,1738,3,2,Y,,1942.0,,Fa,beige,12/19/1940,205382.0
1551,NorthRidge,5947,114.0,1989,1797,4,3,Y,,1988.0,,Ex,gray,1989-06-18,510795.0
1447,CollegeCreek,9065,28.0,1957,1412,3,2,Y,,1961.0,,Ex,beige,1957-04-08,262841.0
1044,NorthRidge,8210,,1904,1588,3,1,Y,,1909.0,,Gd,beige,19-Jul-1904,217304.0
1404,NorthRidge,9893,58.0,1951,1750,5,3,Y,Gd,1956.0,,Ex,white,1951-12-13,280651.0
1527,BrookSide,8343,72.0,1975,1157,3,2,Y,,1975.0,,po,beige,15-May-1975,124462.0
1532,BrookSide,7812,,1917,2015,4,3,Y,TA,1922.0,,Ex,beige,12-Sep-1917,205145.0
1278,Edwards,6654,,1926,1580,2,1,Y,Gd,1925.0,,Fa,beige,1926-04-17,164497.0
1430,Sawyer,10374,85.0,1926,1491,4,2,N,Po,1929.0,,TA,Gray,1926-09-02,119980.0
1298,Gilbert,6675,94.0,1917,2215,4,2,Y,,1921.0,,GD,beige,05/02/1917,206671.0
1393,OldTown,6934,117.0,1947,1125,3,2,N,,1953.0,,Po,beige,01/12/1947,125727.0
1593,CollegeCreek,12397,47.0,1915,1740,4,3,Y,TA,1914.0,,Ex,gray,03/27/1915,250289.0
1311,Sawyer,11230,,2005,994,1,2,N,Gd,2004.0,,Po,white,2005-06-03,159666.0
1148,Gilbert,6512,39.0,1911,1285,2,1,Y,Fa,1911.0,,Fa,White,05/08/1911,160720.0
1009,OldTown,5304,65.0,1915,1273,3,3,N,,1915.0,,fa,beige,14-Jan-1915,100372.0
1285,NorthRidge,6517,60.0,1914,1097,2,1,Y,,1912.0,,PO,blue,1914-11-05,161224.0
1006,Edwards,9840,75.0,1969,650,1,1,Y,TA,1974.0,,Fa,Brick,07-May-1969,122763.0
1274,Sawyer,7250,57.0,1905,1119,2,2,Y,TA,1910.0,,Ex,white,10/19/1905,126058.0
1358,Gilbert,7638,67.0,2003,2120,4,2,Y,Po,2006.0,,Ex,brick,08/06/2003,238306.0
1199,OldTown,10391,58.0,1953,1388,2,1,Y,Po,1953.0,,fa,white,1953-01-04,150896.0
1255,NorthRidge,10773,,1991,2148,4,3,Y,,1993.0,,Ex,white,10-Oct-1991,398523.0
1579,NorthRidge,8912,65.0,2002,1894,4,2,Y,,2001.0,,Ex,gray,2002-06-07,406984.0
1291,Edwards,10445,52.0,1970,1707,4,2,Y,Fa,1970.0,,Ex,white,09-Jan-1970,233720.0
1523,CollegeCreek,8052,56.0,1924,1181,2,1,Y,TA,1923.0,,TA,gray,1924-01-06,138548.0
1083,CollegeCreek,7014,62.0,1941,1785,3,2,Y,,1945.0,,TA,Blue,11-Mar-1941,204154.0
1295,Somerset,9181,78.0,1924,1268,1,1,Y,,1931.0,,TA,white,09/23/1924,226772.0
1327,Gilbert,6591,21.0,1946,1880,3,2,Y,TA,1950.0,,Po,white,02/20/1946,211942.0
1364,Sawyer,9488,67.0,1930,1916,3,1,Y,,1935.0,,Gd,brick,03-Sep-1930,261761.0
1099,Somerset,12359,105.0,1936,1003,2,1,Y,Fa,1941.0,,Ex,beige,06-Jan-1936,211311.0
1124,CollegeCreek,12020,75.0,1991,871,1,1,Y,Gd,1993.0,,TA,Beige,05/03/1991,235363.0
1198,OldTown,6054,88.0,1922,1748,3,2,Y,TA,1922.0,,Fa,beige,07/15/1922,121392.0
1417,Gilbert,8600,72.0,1903,2299,5,3,Y,TA,1905.0,,Gd,beige,1903-04-08,249757.0
1087,Edwards,11267,,1961,1722,3,1,Y,Gd,1961.0,,Fa,Blue,11-Dec-1961,241220.0
1578,Edwards,20525,68.0,1954,2453,5,3,Y,TA,1960.0,,TA,white,24-Nov-1954,161861.0
1259,Edwards,7302,67.0,1965,1949,4,3,Y,TA,1968.0,,Gd,brick,06/22/1965,180863.0
1588,Somerset,6616,55.0,1977,1164,3,2,Y,Gd,1977.0,,Gd,Beige,12/26/1977,253942.0
1071,BrookSide,15214,27.0,2008,1642,3,3,Y,,2010.0,,TA,beige,21-Jul-2008,185632.0
1458,CollegeCreek,11868,79.0,1912,1861,4,2,Y,,1911.0,,Gd,white,13-Sep-1912,238984.0
1424,OldTown,12259,80.0,1958,1964,5,3,Y,TA,1960.0,,Ex,white,14-Sep-1958,199512.0
1130,Edwards,8940,84.0,1908,1817,2,1,Y,Gd,1912.0,,fa,brick,27-Feb-1908,129466.0
1074,Somerset,4592,89.0,1930,1155,3,3,Y,TA,1936.0,,Po,white,03-Aug-1930,177752.0
1136,BrookSide,9024,89.0,1984,1299,2,1,Y,Fa,1988.0,,TA,white,10/22/1984,229626.0
1553,OldTown,7281,73.0,2002,1497,3,2,Y,TA,2004.0,,TA,white,02/08/2002,136267.0
1517,Gilbert,10627,,1964,1640,2,2,Y,,1966.0,,Fa,white,1964-12-04,169809.0
1016,Sawyer,11911,66.0,1952,2035,3,1,Y,,1958.0,Fa,Fa,beige,1952-02-12,195499.0
1113,Edwards,7481,88.0,1962,1076,2,2,Y,,1962.0,,EX,beige,1962-05-01,98987.0
1007,NorthRidge,7613,68.0,1980,1195,2,1,Y,,1982.0,,Gd,gray,1980-02-27,197229.0
1173,Sawyer,8374,99.0,1914,2012,3,1,Y,TA,1912.0,,TA,white,1914-09-17,148204.0
1537,Sawyer,9775,,1996,1122,3,2,Y,Gd,2000.0,,TA,white,1996-12-06,197292.0
1434,Somerset,9819,64.0,1974,480,1,1,Y,,1977.0,,Po,brick,01/18/1974,113623.0
1183,BrookSide,7895,,1942,1361,2,1,Y,,1940.0,,Po,beige,07-Feb-1942,134608.0
1239,BrookSide,5754,51.0,1905,1978,4,2,Y,,1903.0,,TA,beige,08/12/1905,199046.0
1067,CollegeCreek,13096,81.0,1936,906,1,1,Y,Fa,1943.0,,Fa,beige,1936-04-23,158246.0
1522,Gilbert,7015,90.0,1902,2457,5,3,Y,TA,1901.0,,TA,beige,04/20/1902,210194.0
1498,Somerset,9105,100.0,1949,1276,2,2,Y,,1951.0,,Fa,brick,1949-08-04,183778.0
1280,NorthRidge,4526,72.0,1993,2149,4,2,Y,,1998.0,,Ex,gray,1993-10-19,518293.0
1276,Gilbert,10657,,1993,1438,3,2,Y,Fa,1993.0,,Fa,beige,15-Mar-1993,172678.0
1550,Edwards,10874,122.0,1967,2521,3,2,Y,,1974.0,,TA,beige,19-Jan-1967,231153.0
1266,OldTown,6751,36.0,1924,5642,2,1,Y,Fa,1925.0,,TA,white,12/08/1924,160000.0
1413,BrookSide,6180,50.0,1934,1003,2,1,Y,,1941.0,,Ex,gray,02/08/1934,136321.0
1361,CollegeCreek,15283,81.0,1901,1493,4,2,Y,,1907.0,,TA,beige,1901-01-24,146283.0
1543,OldTown,7978,68.0,1978,1724,2,1,Y,TA,,,Fa,Beige,22-Aug-1978,184105.0
1423,Edwards,17017,111.0,2003,1575,3,2,Y,Fa,2010.0,,Fa,white,01/16/2003,149866.0
1596,Edwards,10658,52.0,1924,1130,3,2,Y,,1922.0,,Gd,blue,11/15/1924,142980.0
1410,CollegeCreek,3246,116.0,1987,2104,4,3,Y,,1985.0,,Ex,grey,1987-05-05,235799.0
1325,Sawyer,5742,81.0,1966,1622,3,1,Y,Fa,1967.0,,GD,white,1966-08-20,192600.0
1378,NorthRidge,11712,108.0,1935,1840,4,3,N,Po,1941.0,,Ex,white,26-Mar-1935,338244.0
1121,Edwards,4117,75.0,1938,1004,2,1,Y,Gd,1942.0,,FA,brick,11/20/1938,83669.0
1514,NorthRidge,6651,41.0,1996,1174,1,1,Y,,2003.0,,Ex,white,1996-10-16,258121.0
1500,OldTown,12927,63.0,1956,1552,2,1,N,Fa,,,Po,beige,16-May-1956,181981.0
1301,BrookSide,14890,,1982,1436,4,2,Y,,1986.0,,TA,blue,1982-04-22,191976.0
1293,CollegeCreek,8769,65.0,1972,1965,3,2,Y,,1978.0,,Ex,white,1972-07-15,261024.0
1020,BrookSide,6389,82.0,1990,616,2,1,Y,Ex,1993.0,,Po,blue,01/22/1990,86260.0
1525,Sawyer,9200,,1968,1420,4,2,Y,TA,1970.0,,Gd,white,1968-08-01,178037.0
1448,Edwards,10712,,1940,1858,5,3,Y,,1947.0,,Po,blue,18-Nov-1940,152673.0
1412,OldTown,12585,,1904,1445,2,1,Y,,1908.0,,Gd,white,1904-02-22,144371.0
1464,CollegeCreek,8220,113.0,1961,1048,3,2,N,TA,1960.0,,Gd,WHITE,11-Feb-1961,145945.0
1366,Edwards,15213,95.0,1962,1902,3,2,Y,Fa,1960.0,,Ex,beige,09/04/1962,179253.0
1117,OldTown,7714,77.0,1949,1615,3,2,Y,TA,1956.0,,Po,brick,20-Aug-1949,162938.0
1250,Somerset,16135,69.0,1931,856,2,1,Y,,1932.0,,Gd,brick,03-Jul-1931,241320.0
1218,OldTown,7359,84.0,1929,1600,4,2,Y,,1932.0,,TA,white,1929-06-26,147430.0
1272,Sawyer,12659,98.0,1995,1090,3,2,Y,Fa,1995.0,,Po,gray,1995-04-11,127838.0
1357,OldTown,5828,88.0,1955,1692,3,2,Y,TA,1962.0,,Fa,brick,03/06/1955,176134.0
1247,Somerset,12059,41.0,1967,1497,3,2,Y,Gd,1970.0,,Ex,blue,08/11/1967,344096.0
1105,CollegeCreek,7653,91.0,1983,1586,3,2,Y,,1989.0,,Po,brick,21-Oct-1983,205064.0
1478,OldTown,10131,56.0,1979,1458,3,2,Y,,1980.0,,TA,brick,17-Jun-1979,174001.0
1200,BrookSide,5963,72.0,1916,1349,3,2,Y,,1916.0,,Po,gray,1916-04-01,101601.0
1599,OldTown,14927,63.0,1958,1295,3,3,Y,Gd,1956.0,,Po,blue,23-Aug-1958,122173.0
1481,Somerset,7896,66.0,1908,1899,4,2,Y,Gd,1913.0,,gd,gray,26-Jun-1908,275050.0
1329,Edwards,12442,,1960,1351,4,3,Y,,1962.0,,Fa,Blue,11/24/1960,132589.0
1086,Gilbert,11404,107.0,1933,830,1,1,Y,Gd,1936.0,,EX,brick,05/11/1933,156002.0
1536,Edwards,9147,,1979,2256,4,2,Y,Gd,1984.0,,Fa,white,03/04/1979,203927.0
1375,Somerset,6799,108.0,1991,929,2,2,Y,,1990.0,,Ex,beige,01/09/1991,174729.0
1436,Sawyer,8399,66.0,1998,1415,2,1,Y,TA,2002.0,,Fa,white,1998-05-18,182740.0
1162,Somerset,8207,51.0,1909,1574,2,1,Y,TA,1910.0,,Po,Brick,1909-02-22,222206.0
1330,BrookSide,5193,78.0,1957,1718,3,2,Y,,1957.0,,Po,white,1957-01-16,174621.0
1135,Somerset,13247,63.0,1950,1173,2,1,Y,Gd,1951.0,,Po,gray,1950-11-17,177718.0
1115,CollegeCreek,8292,66.0,1921,1603,3,2,N,TA,1919.0,,fa,grey,04-Oct-1921,186968.0
1576,NorthRidge,11344,60.0,1958,1588,3,1,N,TA,1958.0,,Ex,gray,1958-06-01,372586.0
1223,CollegeCreek,8587,84.0,1977,2183,4,2,Y,,1978.0,,TA,beige,05/22/1977,258364.0
1316,Sawyer,6020,,1967,1399,4,2,N,Gd,1965.0,,Ex,gray,1967-09-14,208449.0
1034,CollegeCreek,9815,53.0,1926,1492,3,2,Y,,1928.0,,Gd,brick,1926-08-24,173270.0
1440,BrookSide,9110,71.0,1992,480,1,1,Y,,1993.0,,Po,white,06-Feb-1992,86827.0
1021,Edwards,8185,92.0,1941,1858,3,2,N,,1947.0,,TA,blue,07-Jul-1941,173179.0
1014,Sawyer,8662,66.0,1951,771,2,2,Y,Fa,1950.0,,Po,beige,01/23/1951,89731.0
1429,CollegeCreek,8719,43.0,1990,1808,3,1,N,TA,1995.0,,po,beige,1990-08-27,227600.0
1395,CollegeCreek,10112,32.0,1913,1537,2,1,Y,Gd,1911.0,,PO,white,01/01/1913,105081.0
1184,CollegeCreek,6093,,1946,1325,2,1,Y,,1951.0,,Po,gray,1946-02-04,141192.0
1392,OldTown,8887,85.0,1948,1512,3,3,Y,Ex,1950.0,,po,blue,02/18/1948,166273.0
1300,Somerset,7255,,1933,1249,2,2,Y,TA,1933.0,,GD,beige,04/08/1933,218425.0
1098,CollegeCreek,7966,76.0,1955,1487,3,2,Y,Ex,1954.0,,Gd,gray,1955-10-17,211534.0
1544,Gilbert,9593,75.0,1904,1009,2,1,Y,TA,1906.0,,Fa,beige,1904-09-14,153326.0
1092,Sawyer,10437,63.0,1930,2120,4,2,Y,TA,1935.0,,TA,gray,11/19/1930,151522.0
1315,Gilbert,9341,107.0,1940,1236,2,1,Y,Ex,,,Po,white,1940-01-22,163349.0
1094,Gilbert,8194,54.0,1926,1439,4,1,Y,,1927.0,,TA,beige,1926-02-20,191983.0
1031,CollegeCreek,12853,,1952,1023,3,2,Y,Po,,,Po,gray,07/14/1952,146821.0
1411,CollegeCreek,7492,42.0,1996,1516,4,2,N,Ex,1998.0,,Gd,Beige,20-Jan-1996,259788.0
1449,OldTown,7854,,1937,1526,2,1,Y,Gd,1939.0,,Fa,blue,26-Mar-1937,178448.0
1202,CollegeCreek,10659,46.0,1914,1483,3,1,Y,,,,Fa,white,1914-06-21,175869.0
1524,NorthRidge,16967,,1933,1722,3,2,Y,Ex,1933.0,,Gd,beige,11/06/1933,275220.0
1324,Sawyer,7309,69.0,1923,1446,4,2,Y,Gd,,,Fa,Grey,11/12/1923,154639.0
1175,CollegeCreek,8658,103.0,1907,1778,3,2,Y,,1913.0,,Fa,gray,13-Jan-1907,209618.0
1372,CollegeCreek,3977,78.0,1973,1600,3,2,Y,TA,1978.0,,TA,white,04/11/1973,154640.0
1128,Edwards,9133,,1990,734,2,1,Y,,1996.0,,TA,White,01-Oct-1990,124989.0
1165,Somerset,5924,63.0,1968,1565,2,1,Y,,1970.0,,TA,brick,18-Jun-1968,264306.0
1025,Edwards,9568,85.0,1986,1224,2,2,Y,,1993.0,,Fa,white,03/03/1986,106282.0
1150,NorthRidge,10318,54.0,1923,1374,2,1,Y,TA,1927.0,,Ex,beige,12/04/1923,245055.0
1106,Somerset,12692,74.0,1930,1288,2,1,Y,TA,1929.0,,Gd,WHITE,08-Sep-1930,180409.0
1251,OldTown,6724,29.0,1957,1366,4,2,Y,TA,1956.0,,fa,white,23-Aug-1957,167243.0
1571,OldTown,6814,64.0,1915,1492,3,2,Y,Fa,1919.0,,Gd,gray,1915-06-02,138099.0
1589,Gilbert,12151,96.0,1929,1330,3,2,N,Gd,1927.0,,Gd,beige,03/27/1929,169290.0
1406,CollegeCreek,10424,43.0,1906,1919,6,3,Y,,1905.0,,Po,white,24-Nov-1906,243830.0
1352,OldTown,5004,82.0,1994,1401,3,2,Y,TA,,,Gd,beige,10/06/1994,137080.0
1294,CollegeCreek,11984,90.0,1956,2105,5,3,Y,TA,1961.0,,Gd,blue,1956-02-10,319206.0
1399,Sawyer,7644,72.0,1960,1315,2,2,Y,TA,1958.0,,Gd,brick,1960-06-17,211197.0
1558,Sawyer,11733,63.0,1973,757,2,2,Y,,1978.0,,Po,blue,1973-12-08,117594.0
1471,Gilbert,12315,,1980,647,1,1,Y,,1987.0,,Fa,brick,05/12/1980,132113.0
1346,NorthRidge,8039,38.0,1932,1700,3,2,Y,TA,1932.0,,Fa,white,11-Feb-1932,211921.0
1461,NorthRidge,22181,,1989,1486,3,3,Y,,1987.0,,Ex,brick,06/24/1989,262073.0
1566,Sawyer,8004,73.0,1973,1624,2,1,Y,Fa,1974.0,,Fa,white,23-Jul-1973,146939.0
1365,CollegeCreek,7662,45.0,1996,1662,3,3,Y,Gd,2000.0,,Ex,gray,17-Sep-1996,330370.0
1526,OldTown,7003,110.0,1933,1626,3,2,Y,Po,1938.0,,Fa,brick,06/13/1933,119847.0
1581,Somerset,10484,,1974,1278,3,2,Y,,1977.0,,Fa,brick,08/08/1974,214563.0
1442,Gilbert,5509,47.0,1920,1147,2,3,Y,,1920.0,,Gd,gray,16-Dec-1920,152856.0
1101,BrookSide,16744,,1997,656,1,1,Y,,1996.0,,Fa,brick,02-Feb-1997,115882.0
1374,OldTown,10264,75.0,1934,1660,2,1,Y,,1934.0,,gd,beige,10/12/1934,132931.0
1055,Gilbert,17872,88.0,1960,2047,4,3,Y,,1958.0,,Ex,beige,1960-07-07,248264.0
1068,Gilbert,8549,,1946,1099,2,2,N,,1945.0,,Po,beige,02/15/1946,120290.0
1041,OldTown,9386,68.0,1969,994,2,1,Y,,1971.0,,TA,gray,03/10/1969,122184.0
1085,Sawyer,11717,60.0,1973,1135,2,2,Y,TA,1980.0,,Po,gray,01/09/1973,143246.0
1480,CollegeCreek,8331,67.0,1935,2843,5,3,Y,,1939.0,,Ex,beige,27-Jul-1935,320853.0
1134,Sawyer,11119,,1918,1201,2,1,Y,Ex,1923.0,,Po,gray,22-Apr-1918,130620.0
1196,BrookSide,10424,,1982,1738,3,1,Y,,1983.0,,Gd,white,25-Apr-1982,199660.0
1355,BrookSide,7058,,1932,1196,2,1,Y,TA,1936.0,,gd,beige,13-Mar-1932,118804.0
1216,BrookSide,8621,68.0,1931,1632,3,2,Y,Gd,1930.0,,TA,brick,09/02/1931,185203.0
1284,BrookSide,8686,21.0,1949,1566,3,2,Y,Po,,,Gd,gray,08-Nov-1949,135296.0
1497,Edwards,13584,,1928,2176,5,3,Y,,1929.0,,TA,gray,07-Jun-1928,142626.0
1111,NorthRidge,12482,,1958,1549,4,2,Y,TA,1964.0,,ex,gray,04/11/1958,224857.0
1489,Sawyer,9978,90.0,1971,1266,3,2,Y,Fa,1976.0,,Fa,beige,05/21/1971,117775.0
1530,Edwards,18473,77.0,1989,503,1,1,Y,TA,1994.0,,Po,white,04/20/1989,71831.0
1369,Gilbert,8194,94.0,1931,1805,3,1,Y,,1929.0,,TA,beige,23-Nov-1931,192684.0
1592,Sawyer,10573,46.0,1925,1324,2,1,Y,TA,1926.0,,Fa,WHITE,08/19/1925,104856.0
1533,Somerset,10162,,1952,1494,4,2,Y,,1958.0,,Ex,Gray,06/21/1952,217293.0
1267,OldTown,6205,85.0,1982,1604,2,2,Y,,1980.0,,TA,white,04/22/1982,185658.0
1309,Edwards,8382,78.0,1951,1662,4,2,Y,TA,1954.0,,Gd,blue,1951-08-18,160770.0
1012,Somerset,8034,51.0,1912,1742,3,2,Y,Fa,1915.0,,Ex,brick,06-Mar-1912,179852.0
1062,BrookSide,12520,123.0,1969,1225,2,1,Y,,1968.0,,TA,beige,21-Apr-1969,130355.0
1170,NorthRidge,8637,92.0,1920,2221,6,4,Yes,Fa,1926.0,,Gd,white,02-Aug-1920,314599.0
1181,OldTown,7679,65.0,1988,1779,3,2,Y,Gd,1988.0,,Po,gray,09-Aug-1988,213409.0
1192,BrookSide,6164,,1928,1693,3,2,Y,,1933.0,,Gd,gray,1928-03-22,198109.0
1189,Edwards,14901,69.0,1936,2106,3,2,N,,1936.0,,Po,beige,1936-10-17,152753.0
1112,CollegeCreek,6697,80.0,1935,2377,4,2,Y,Gd,1937.0,,ex,gray,10-Dec-1935,286452.0
1102,NorthRidge,9513,91.0,1937,1389,2,2,Y,Fa,1942.0,,TA,WHITE,1937-12-10,259900.0
1077,CollegeCreek,7869,68.0,1991,1815,4,3,Y,TA,1994.0,,Po,white,11-May-1991,185404.0
1190,Gilbert,10353,,1989,1776,4,2,Y,,1993.0,,Ex,gray,1989-04-01,262865.0
1333,CollegeCreek,5213,,1997,1758,4,2,Y,TA,1995.0,,Gd,blue,25-Oct-1997,266080.0
1052,Sawyer,9734,76.0,1917,999,2,1,Y,,1920.0,,Fa,beige,1917-06-02,141470.0
1028,Somerset,10355,103.0,1929,993,2,1,Y,TA,1932.0,,TA,brick,1929-02-13,175533.0
1065,BrookSide,9365,66.0,1970,1285,2,2,Y,,1975.0,,Gd,beige,1970-02-21,141287.0
1432,OldTown,14721,68.0,1954,1173,2,1,Y,TA,,,Gd,gray,12-Feb-1954,157461.0
1290,Gilbert,10426,84.0,1988,1857,3,2,Y,TA,1990.0,,Gd,brick,03/18/1988,260265.0
1053,Edwards,14014,79.0,1920,1262,3,2,Y,,1924.0,,ta,beige,15-Jan-1920,143631.0
1082,BrookSide,20051,92.0,1936,1058,2,1,Y,,1940.0,,FA,beige,09-Nov-1936,128147.0
1308,OldTown,12632,89.0,1908,1897,4,3,Y,,1915.0,,fa,gray,16-Apr-1908,146830.0
1394,Gilbert,8388,70.0,1963,1342,3,1,Y,Fa,1961.0,,Gd,beige,1963-09-04,137785.0
1159,BrookSide,7499,82.0,1951,1389,3,2,Y,,1953.0,,Po,white,25-Mar-1951,168109.0
1354,Sawyer,13716,63.0,1947,2225,5,3,Y,TA,1948.0,,TA,beige,1947-05-17,175698.0
1244,Sawyer,11256,,1933,1939,4,2,Y,Gd,1937.0,,Gd,beige,10/09/1933,160584.0
1061,Sawyer,8774,67.0,1961,1194,2,1,Y,,1963.0,,TA,gray,06/04/1961,136423.0
1340,OldTown,9915,66.0,1930,2459,5,3,Y,,1931.0,,Gd,brick,05/15/1930,241599.0
1126,Sawyer,10161,36.0,1995,1068,2,1,Y,,1999.0,,Fa,gray,24-Jul-1995,146125.0
1232,Edwards,8240,110.0,2008,1401,3,2,Y,,2010.0,,TA,white,16-Feb-2008,215984.0
1211,BrookSide,11527,,1983,731,2,2,Y,Gd,1988.0,,Po,beige,03-Apr-1983,138376.0
1322,OldTown,10609,57.0,1921,1215,3,2,Y,,1926.0,,Gd,gray,02-Oct-1921,125268.0
1445,OldTown,4278,81.0,1982,1805,3,2,Y,,,,Gd,blue,1982-08-02,206660.0
1292,Edwards,8286,38.0,1982,1284,3,1,Y,,1980.0,,Gd,beige,03/11/1982,150110.0
1212,BrookSide,7213,106.0,1919,1710,4,3,Y,,1926.0,,Fa,blue,25-May-1919,100050.0
1400,NorthRidge,8720,76.0,1965,1562,3,2,Y,,1969.0,,Ex,white,1965-08-14,335574.0
1103,BrookSide,11260,78.0,1943,494,2,2,Y,,1949.0,,gd,white,01-Sep-1943,95052.0
1462,Edwards,8023,82.0,1933,1261,2,1,Y,,1933.0,,Po,beige,06/08/1933,109945.0
1427,Sawyer,10242,90.0,1922,1028,2,1,Y,TA,1925.0,,TA,brick,06/07/1922,92751.0
1397,OldTown,6449,79.0,1998,1689,4,2,Y,Po,2004.0,,Gd,gray,17-Dec-1998,174223.0
1008,Sawyer,10763,54.0,1925,1158,2,1,Y,,1928.0,,fa,white,12/22/1925,145095.0
1258,CollegeCreek,7909,74.0,1923,1962,4,2,Y,,1925.0,,GD,beige,01/04/1923,211929.0
1228,BrookSide,12701,59.0,1929,1771,2,1,Y,,1936.0,,ta,gray,1929-09-15,188298.0
1237,Somerset,10995,,1911,1924,4,3,Y,TA,1912.0,,TA,white,11/20/1911,267750.0
1561,Edwards,11093,105.0,1948,1751,4,3,Y,,1953.0,,po,brick,10/22/1948,151152.0
1182,Somerset,8010,,1996,1625,3,2,Y,TA,2000.0,,TA,beige,01-Apr-1996,265991.0
1388,Sawyer,8918,96.0,1992,987,2,1,Y,Po,,,Fa,gray,09/18/1992,131931.0
1197,Edwards,12446,91.0,1967,1793,4,2,Y,,1971.0,,Po,white,1967-07-13,118685.0
1281,Gilbert,14470,77.0,1903,833,1,1,Y,Gd,1907.0,,Po,gray,1903-05-24,104391.0
1407,OldTown,5300,80.0,1927,1868,3,1,N,,1929.0,,Ta,white,01-Dec-1927,146939.0
1584,BrookSide,10445,52.0,1977,1687,4,2,Y,TA,1983.0,,Po,blue,09/24/1977,180989.0
1542,OldTown,8674,77.0,1918,1741,3,3,Y,Gd,1922.0,,Fa,white,1918-03-14,173317.0
1538,Edwards,9021,,1974,2422,5,2,Y,Gd,1979.0,,Gd,beige,22-Feb-1974,209319.0
1050,Sawyer,9931,87.0,1913,1858,3,2,Y,,1920.0,,fa,brick,27-May-1913,152419.0
1187,Sawyer,8956,85.0,1957,1877,4,2,Y,,1962.0,,Po,grey,11/21/1957,170976.0
1341,CollegeCreek,8205,60.0,1948,1512,3,3,Y,Gd,1950.0,,Fa,brick,1948-11-13,200693.0
1164,BrookSide,13637,82.0,1995,1872,4,2,N,,1998.0,,Po,beige,11/27/1995,139111.0
1022,Somerset,11810,69.0,1946,1264,3,2,Y,,1950.0,,Gd,White,27-Nov-1946,196973.0
1318,BrookSide,8884,90.0,1946,1015,2,2,Y,,1953.0,,Fa,Brick,01-Sep-1946,140229.0
1234,BrookSide,6723,78.0,1977,2107,3,1,Y,TA,1982.0,,Ex,white,02-Mar-1977,223086.0
1168,CollegeCreek,10945,73.0,1900,2144,4,3,Y,Gd,1906.0,,Gd,beige,1900-05-23,276590.0
1547,OldTown,10951,,1927,1443,3,2,Y,,1931.0,,Ex,white,01-Dec-1927,125483.0
1069,NorthRidge,11857,81.0,1910,1537,3,2,Y,Gd,1912.0,,EX,blue,1910-11-15,278142.0
1186,OldTown,11657,64.0,1971,1740,3,3,Y,,1977.0,,Ex,brick,05/06/1971,160490.0
1503,BrookSide,9834,65.0,1976,1811,4,2,N,Po,1980.0,,Po,beige,10/07/1976,191716.0
1490,Edwards,18513,68.0,2008,1377,3,2,Y,TA,2010.0,,Fa,beige,03/25/2008,167499.0
1405,OldTown,14072,71.0,1927,677,1,2,Y,TA,1927.0,,Fa,beige,05/05/1927,78645.0
1205,Gilbert,10988,,1900,2742,6,4,Y,TA,1902.0,,Gd,beige,01/10/1900,252842.0
1351,OldTown,16831,,1963,1664,4,2,Y,TA,1969.0,,Fa,gray,13-Feb-1963,158046.0
1151,OldTown,9537,48.0,1952,2012,3,2,Y,,1951.0,,Fa,white,1952-04-03,149055.0
1512,BrookSide,11942,66.0,1948,2102,4,3,Y,,1953.0,,Gd,beige,02/21/1948,187294.0
1431,CollegeCreek,10708,,1998,2307,4,2,Y,TA,2002.0,,Ex,beige,1998-04-15,331319.0
1029,CollegeCreek,11990,44.0,1970,872,2,1,Y,TA,1969.0,,Fa,gray,09-Jun-1970,110506.0
1425,NorthRidge,10903,62.0,1924,839,2,1,N,,1922.0,,Fa,gray,02/15/1924,144600.0
1238,CollegeCreek,10320,52.0,2007,1392,3,2,Y,Gd,,,Ex,gray,2007-11-18,275204.0
1161,CollegeCreek,6280,59.0,1958,1537,3,2,Y,,1961.0,,Gd,gray,22-Jul-1958,195064.0
1575,OldTown,11262,66.0,1911,1212,3,2,Y,Gd,1914.0,,Po,beige,05-Dec-1911,107396.0
1398,CollegeCreek,7021,95.0,1955,2066,5,4,Y,Gd,1953.0,,Ex,beige,1955-03-18,239964.0
1470,Edwards,9920,97.0,1977,1171,2,1,Y,TA,1976.0,,Po,beige,1977-10-10,119521.0
1323,Gilbert,12214,,1967,2613,5,3,Y,,1969.0,,Ex,beige,1967-10-05,274413.0
1116,OldTown,13303,36.0,1900,4316,1,1,Y,,1900.0,,PO,gray,05/10/1900,175000.0
1342,Sawyer,23152,86.0,2001,1700,3,2,Y,,2006.0,,Ex,beige,27-May-2001,259546.0
1257,Gilbert,11002,76.0,1997,855,2,1,Y,Gd,1997.0,,TA,gray,05/22/1997,134464.0
1396,Gilbert,8604,,1978,1140,2,1,Y,,1978.0,,Gd,white,07/23/1978,135208.0
1444,Somerset,10295,66.0,1972,2115,4,3,Y,,1971.0,,Ex,gray,08/14/1972,253842.0
1516,OldTown,12344,,1920,2050,4,2,Y,Fa,1923.0,,Po,Grey,26-Jul-1920,118205.0
1046,NorthRidge,9073,29.0,1947,1428,2,1,Y,,1952.0,,Ex,white,10-Apr-1947,276959.0
1003,NorthRidge,6533,70.0,1959,4470,2,1,Y,,1963.0,,Po,beige,01/03/1959,160000.0
1368,Edwards,5947,65.0,1914,1972,3,3,Y,Gd,1919.0,,Gd,beige,07/17/1914,144277.0
1381,OldTown,11108,45.0,1924,4676,3,1,Y,,1925.0,,EX,white,1924-03-04,184750.0
1235,CollegeCreek,6855,94.0,1999,1504,3,2,Y,,2006.0,,Po,brick,26-Mar-1999,171300.0
1030,Somerset,10047,,1988,1465,4,3,Y,Ex,,,Ex,white,07/14/1988,247868.0
1154,CollegeCreek,8450,88.0,1913,1424,3,2,Y,TA,1919.0,,Po,white,02/02/1913,178463.0
1492,Sawyer,6857,68.0,1927,1680,4,2,Y,TA,1930.0,,TA,blue,09-Feb-1927,169178.0
1433,Gilbert,10755,81.0,1951,1098,1,1,Y,Fa,1952.0,,Ex,brick,10-Jun-1951,181470.0
1454,CollegeCreek,9678,51.0,1918,1161,2,1,Y,Fa,1919.0,,Fa,white,01/14/1918,133243.0
1279,OldTown,8513,75.0,1977,970,2,1,Y,TA,1979.0,,Po,brick,10/26/1977,110517.0
1051,OldTown,6803,70.0,1994,1338,2,2,Y,,2000.0,,Po,gray,11/11/1994,87685.0
1036,Gilbert,10441,54.0,1991,1095,3,3,Y,,1990.0,,TA,white,1991-10-19,172879.0
1097,OldTown,8676,40.0,1979,1819,3,2,Y,Gd,1980.0,,Po,white,27-Dec-1979,151386.0
1574,Edwards,10026,57.0,1979,1354,3,2,Y,,1977.0,,TA,white,04/14/1979,127085.0
1013,OldTown,8638,57.0,1968,1496,2,2,Y,Gd,1967.0,,Po,beige,23-Mar-1968,145824.0
1163,Sawyer,9803,86.0,1962,1007,2,1,Y,,1961.0,,TA,white,19-Nov-1962,96883.0
1058,OldTown,13026,100.0,1977,1252,2,1,Y,TA,1983.0,,Po,beige,18-May-1977,128056.0
1063,Gilbert,31300,73.0,1912,1236,2,1,Y,,1912.0,,gd,gray,1912-09-21,148652.0
1233,Sawyer,11718,65.0,1981,1167,1,1,Y,,1983.0,,Fa,white,23-Dec-1981,199035.0
1437,OldTown,8269,78.0,1917,1370,3,2,Y,,1918.0,,Fa,beige,01/21/1917,136534.0
1521,OldTown,7669,87.0,1941,1382,1,1,Y,,1939.0,,Fa,beige,06-May-1941,156962.0
1597,BrookSide,16528,87.0,1938,1138,2,1,Y,TA,1942.0,,Po,white,23-Apr-1938,112100.0
1265,CollegeCreek,11668,,1993,1257,1,1,Y,,1993.0,,gd,white,11-Sep-1993,203169.0
1552,Gilbert,9155,96.0,1976,976,3,2,Y,,1977.0,,TA,white,11-Apr-1976,113348.0
1384,CollegeCreek,7292,68.0,1967,2366,5,3,Y,Gd,1965.0,,Ex,white,1967-08-14,336901.0
1078,Edwards,15153,95.0,1922,1224,3,2,Y,,1922.0,,Fa,beige,12/17/1922,112762.0
1045,OldTown,12084,,1927,1747,2,1,Y,,1927.0,,Gd,white,09/19/1927,136624.0
1371,Sawyer,7846,84.0,1994,1352,2,2,Y,TA,2000.0,,TA,brick,03/08/1994,162460.0
1331,Edwards,6713,78.0,1960,895,2,2,Y,TA,1967.0,,TA,beige,04/23/1960,82717.0
1157,CollegeCreek,8983,73.0,1973,1803,3,3,Y,,1972.0,,Ex,WHITE,13-Mar-1973,251269.0
1024,OldTown,7811,90.0,2004,1371,2,1,Y,TA,2009.0,,Po,white,12/13/2004,163535.0
1451,Gilbert,9476,128.0,1917,1857,3,1,Y,Gd,1923.0,,Gd,blue,27-Mar-1917,219080.0
1010,Sawyer,9379,60.0,1981,1236,3,2,Y,TA,1981.0,,TA,brick,1981-05-25,182020.0
1256,NorthRidge,8501,43.0,1932,2338,4,3,Y,,1932.0,,Ex,gray,18-Oct-1932,258743.0
1382,NorthRidge,13398,26.0,2005,1957,4,3,Y,,2004.0,,Ex,white,05/25/2005,370409.0
1557,CollegeCreek,13685,,1902,1344,3,2,Y,Po,1907.0,,TA,white,14-Mar-1902,156757.0
1487,Sawyer,11034,,1956,1891,5,3,Y,Fa,1954.0,,TA,beige,06/03/1956,161178.0
1556,NorthRidge,8801,92.0,1943,1805,3,2,N,,1948.0,,EX,beige,06-Dec-1943,289499.0
1289,OldTown,11496,99.0,1982,913,2,1,Y,,1986.0,,Ex,beige,03-Jul-1982,158594.0
1598,Gilbert,8788,75.0,1987,1453,3,2,Y,Gd,1989.0,,Ex,white,12-Nov-1987,231309.0
1456,CollegeCreek,13366,70.0,1960,903,1,1,Y,Po,1962.0,,FA,WHITE,17-Jul-1960,129667.0
1122,CollegeCreek,8285,48.0,1902,2337,5,3,Y,TA,1909.0,,GD,white,12/11/1902,262429.0
1319,CollegeCreek,13917,43.0,1937,1198,4,3,Y,Fa,1942.0,,Fa,beige,08/05/1937,186007.0
1066,CollegeCreek,10094,61.0,1994,1158,3,2,Y,TA,1998.0,,Ex,gray,04-Apr-1994,237016.0
1194,Gilbert,7180,93.0,2000,1333,2,1,Y,,2007.0,,Gd,beige,2000-03-20,206992.0
1177,CollegeCreek,11588,120.0,1951,1737,4,2,Y,,,,Ex,white,1951-05-22,202106.0
1206,Sawyer,5850,,1971,1472,2,1,Y,TA,1969.0,,Ex,white,03-Sep-1971,
1127,Gilbert,5192,50.0,1931,1481,2,2,Y,,1929.0,,Po,gray,1931-10-13,195399.0
1494,OldTown,4908,84.0,1959,1262,2,2,Y,Fa,1960.0,,FA,beige,06/27/1959,163883.0
1336,Gilbert,13040,27.0,1963,2540,6,4,Y,Gd,1964.0,,Ex,gray,16-Nov-1963,351564.0
1438,OldTown,9026,71.0,2001,930,3,2,Y,,1999.0,,Po,white,04/20/2001,115083.0
1482,Gilbert,10343,,1943,1892,4,2,Y,,1945.0,,Fa,gray,12/06/1943,281998.0
1000,Somerset,5243,81.0,1998,906,2,1,Y,,1999.0,,Fa,gray,1998-02-22,150613.0
1226,Gilbert,12095,,1987,1617,2,1,Y,Gd,1991.0,,Gd,beige,26-Sep-1987,241613.0
1591,Sawyer,6791,130.0,1949,1070,2,1,Y,Fa,1947.0,,EX,gray,24-Nov-1949,96180.0
1572,Sawyer,8679,,1958,1206,2,2,Y,,1962.0,,TA,blue,02/23/1958,149451.0
1249,Edwards,8075,,1934,1840,3,2,Y,Po,1941.0,,TA,beige,1934-09-18,150604.0
1377,CollegeCreek,11049,38.0,1935,988,3,1,Y,,1933.0,,Ex,gray,07-Jan-1935,120213.0
1108,OldTown,6672,82.0,1907,1355,3,2,Y,TA,1910.0,,TA,Brick,04/20/1907,99001.0
1426,BrookSide,11301,111.0,1917,1443,3,2,N,Po,1922.0,,Po,white,03/22/1917,186812.0
1193,Sawyer,11364,102.0,1969,1158,3,1,Y,Gd,1972.0,,Po,blue,08/15/1969,159077.0
1005,Edwards,14138,93.0,1986,1858,3,1,Y,Fa,1992.0,,Gd,white,1986-09-19,
1260,Gilbert,6337,54.0,2000,1414,4,3,Y,Po,2003.0,,Gd,gray,02-Jun-2000,220587.0
1573,BrookSide,12964,58.0,1937,692,1,1,Y,TA,1944.0,,Po,brick,1937-02-08,81368.0
1313,Somerset,6445,105.0,1982,1629,3,2,Y,,1985.0,,Fa,gray,02/23/1982,289558.0
1541,OldTown,5692,114.0,1930,1404,3,1,N,,1937.0,,Gd,beige,09/26/1930,137822.0
1570,OldTown,7018,88.0,1994,818,1,1,Y,Po,1997.0,,TA,Beige,07/04/1994,157648.0
1059,Somerset,10592,,1934,1746,2,2,Y,,1941.0,,Ex,blue,08/12/1934,256583.0
1345,CollegeCreek,6774,92.0,1982,1116,3,2,Y,TA,1986.0,,Po,beige,1982-03-05,178390.0
1047,CollegeCreek,16645,65.0,1952,2268,5,4,Y,,1956.0,,Ex,white,05/26/1952,302660.0
1529,Sawyer,7867,46.0,1954,1628,3,1,Y,,1960.0,Ex,Ex,blue,07/18/1954,172941.0
1302,Somerset,11487,97.0,1940,1369,2,1,Y,TA,1938.0,,Gd,brick,13-Sep-1940,178252.0
1477,Somerset,4564,58.0,1983,2265,5,2,Y,TA,1982.0,,Ex,gray,27-Feb-1983,309158.0
1120,CollegeCreek,5895,111.0,1975,1495,3,2,Y,TA,1979.0,,Po,Gray,1975-01-05,219352.0
1286,Gilbert,9392,101.0,1967,1396,2,1,Y,,1974.0,,Gd,White,03/17/1967,186662.0
1422,BrookSide,8412,76.0,1941,1061,2,2,Y,Po,1947.0,,Ex,beige,20-Apr-1941,124623.0
1414,Gilbert,6986,61.0,2003,1446,2,2,Y,Gd,2009.0,,Po,beige,06-Sep-2003,227343.0
1548,Gilbert,11214,67.0,1918,1209,3,1,Y,TA,1918.0,,Po,white,25-Sep-1918,123422.0
1246,Somerset,7050,46.0,1932,1564,4,2,Y,Fa,1933.0,,Ex,blue,1932-03-04,253970.0
1520,BrookSide,5984,96.0,2009,1714,4,3,Y,TA,2010.0,,TA,gray,04/18/2009,196654.0
1166,BrookSide,8136,47.0,1918,1568,3,2,Y,,1916.0,,TA,beige,1918-01-03,187704.0
1312,CollegeCreek,6629,79.0,1903,1178,3,2,Y,Gd,,,TA,grey,12/25/1903,142584.0
1594,OldTown,9626,41.0,1901,1473,3,2,Y,TA,1901.0,,Gd,blue,1901-12-27,146438.0
1209,BrookSide,7521,77.0,2006,1456,3,2,Y,,2009.0,,Fa,white,04/18/2006,198764.0
1513,Edwards,16588,77.0,1970,1302,2,1,N,Po,1970.0,,fa,white,04/17/1970,150664.0
1222,OldTown,13738,72.0,1933,1743,3,2,Y,,1940.0,,Gd,beige,1933-05-17,148111.0
1299,CollegeCreek,7000,,1969,1567,3,1,N,Po,1967.0,,Gd,beige,1969-02-18,254409.0
1213,BrookSide,15340,30.0,1933,1411,2,2,N,TA,1939.0,,Po,white,12-Jul-1933,171906.0
1459,CollegeCreek,7085,84.0,1979,1392,2,2,Y,,1983.0,,Po,gray,17-Oct-1979,208455.0
1118,BrookSide,11151,59.0,1930,1555,2,2,N,,1933.0,,Gd,blue,07/23/1930,269799.0
1460,CollegeCreek,8718,54.0,1974,1846,3,2,Y,,1975.0,,Ex,brick,11/08/1974,267803.0
1091,BrookSide,8794,89.0,1947,1345,2,1,Y,,1948.0,,Po,gray,13-Oct-1947,141480.0
1383,OldTown,8693,67.0,1955,1435,3,3,Y,TA,1958.0,,Po,beige,1955-09-08,103113.0
1507,BrookSide,19986,56.0,1981,1594,4,3,Yes,,1982.0,,TA,white,10/20/1981,205750.0
1539,Somerset,8923,91.0,1946,1263,3,1,N,TA,1945.0,,Po,white,1946-02-16,170052.0
1474,NorthRidge,7722,47.0,1992,1513,3,3,Y,TA,1997.0,,Ex,brick,01-Jun-1992,278969.0
1042,OldTown,9555,83.0,1979,1949,3,1,Y,,1982.0,,po,blue,07/25/1979,170877.0
1534,Edwards,6776,,1932,1573,2,1,Y,,1933.0,,Fa,white,12/23/1932,152851.0
1475,Gilbert,10916,40.0,1978,1777,3,2,Y,,1984.0,,Gd,white,1978-07-26,205589.0
1565,Sawyer,10032,81.0,1934,729,1,1,Y,,1934.0,,Po,gray,22-Dec-1934,76300.0
1587,NorthRidge,9385,80.0,2008,792,1,1,Y,TA,2010.0,,Gd,brick,11/06/2008,282433.0
1076,Edwards,11140,51.0,2005,1923,4,2,Y,,2004.0,,Po,beige,03/07/2005,180586.0
1510,BrookSide,11585,67.0,1918,965,1,1,N,Gd,1924.0,,Po,white,1918-07-01,92815.0
1141,CollegeCreek,9210,74.0,1917,1248,2,1,Y,TA,1923.0,,Fa,gray,02-Mar-1917,154146.0
1577,OldTown,15956,,1976,1813,4,2,Y,Fa,1983.0,,Po,gray,02/18/1976,135824.0
1073,OldTown,7494,,1933,1763,3,1,N,Ex,1935.0,,TA,white,05-Oct-1933,130432.0
1306,CollegeCreek,11636,36.0,1902,1368,3,2,Y,,1905.0,,Po,beige,02/02/1902,175063.0
1515,Gilbert,9799,51.0,1969,1027,2,2,N,,1973.0,,TA,beige,1969-08-17,166263.0
1564,Edwards,8894,84.0,1991,842,2,2,Y,,1991.0,,Gd,white,1991-08-15,160463.0
1560,Sawyer,14479,88.0,1984,1083,3,2,Y,,1984.0,,Fa,beige,1984-10-24,162865.0
1152,CollegeCreek,6764,64.0,1914,1516,4,2,Y,,1916.0,,Gd,beige,11/12/1914,219512.0
1032,OldTown,8348,83.0,1928,2044,5,3,Y,Gd,1926.0,,Po,white,06/23/1928,143115.0
1015,Gilbert,12004,65.0,2004,2077,3,2,Y,,2006.0,,Ex,blue,09/19/2004,284043.0
1502,BrookSide,6920,51.0,1907,1552,3,2,Y,Fa,1908.0,,Po,gray,1907-06-14,132124.0
1350,BrookSide,11680,48.0,1964,2349,4,3,Y,,1971.0,,ex,white,06-Oct-1964,296959.0
1107,OldTown,7443,48.0,1905,762,1,2,Y,TA,1912.0,,Gd,Gray,06/10/1905,139738.0
1176,OldTown,16045,85.0,1948,1437,3,2,Y,TA,1952.0,,Po,gray,1948-01-04,148349.0
1466,Sawyer,12697,83.0,1921,662,1,1,Y,,1926.0,,Ex,gray,13-May-1921,81483.0
1403,CollegeCreek,10659,46.0,1928,1555,3,2,Y,Gd,1931.0,,TA,brick,18-Aug-1928,221571.0
1147,Somerset,7248,89.0,1981,1390,3,2,Y,TA,1982.0,,Ex,brick,10/10/1981,211395.0
1450,Somerset,5670,63.0,1943,1178,1,1,Y,,1948.0,,Ex,Gray,03/24/1943,166508.0
1254,Somerset,11515,72.0,1976,1190,2,1,Y,,1977.0,,Po,beige,11/13/1976,170838.0
1334,OldTown,8940,60.0,1987,2307,5,3,Y,,1991.0,,TA,gray,1987-08-04,237539.0
1035,Somerset,7605,50.0,1984,501,2,1,N,,1983.0,,Ex,brick,23-Jan-1984,167754.0
1435,OldTown,10191,64.0,1976,931,1,1,Y,,1978.0,,Fa,beige,02/03/1976,98116.0
1225,Gilbert,12244,84.0,1956,2215,4,3,Y,TA,1956.0,,ex,brick,1956-07-02,301119.0
1172,Sawyer,7232,71.0,1994,1174,3,1,Y,TA,2000.0,,Fa,Brick,1994-08-01,187858.0
1469,CollegeCreek,5856,,1920,1498,4,2,Y,,1925.0,,Gd,white,09/19/1920,215389.0
1241,Edwards,10775,43.0,1987,1855,3,2,Y,Gd,1993.0,,Gd,brick,1987-09-27,145301.0
1017,Gilbert,14172,107.0,1998,1813,3,2,Y,TA,2001.0,,FA,White,1998-12-10,209744.0
1343,Edwards,18359,82.0,1918,1608,2,1,Y,Gd,1924.0,,Fa,Beige,08-Jan-1918,159497.0
1156,BrookSide,8634,55.0,1926,1474,3,2,Y,Fa,1927.0,,Fa,white,04/17/1926,198355.0
1545,CollegeCreek,7887,65.0,1906,1027,2,2,Y,Gd,1907.0,,Ex,white,09/07/1906,183697.0
1037,NorthRidge,5938,63.0,1917,1598,3,2,Y,,1922.0,,Gd,gray,02-Apr-1917,268943.0
1535,OldTown,9313,55.0,1901,989,2,2,Y,,1908.0,,Fa,gray,10/08/1901,80049.0
1506,Somerset,13017,100.0,1969,1282,3,2,Y,Po,1974.0,,ta,blue,09/24/1969,188443.0
1067,CollegeCreek,13096,81.0,1936,906,1,1,Y,Fa,1943.0,,Fa,beige,1936-04-23,158246.0
1215,Edwards,10253,34.0,1961,1692,3,2,N,Fa,,,Po,white,16-Jan-1961,154363.0
1208,Somerset,10391,34.0,1985,2439,5,3,Y,,1989.0,,Ex,brick,06-Nov-1985,285126.0
1064,OldTown,9292,43.0,1910,1088,2,2,Y,,1913.0,,Po,beige,10-Jun-1910,105766.0
1010,Sawyer,9379,60.0,1981,1236,3,2,Y,TA,1981.0,,TA,brick,1981-05-25,182020.0
1178,Sawyer,12346,76.0,1958,549,1,1,Y,,1964.0,,Ex,white,01/27/1958,76843.0
1252,BrookSide,11393,63.0,1950,2075,5,3,Y,,,,Fa,brick,05/20/1950,167287.0
1261,CollegeCreek,11856,,1966,670,1,1,Y,,1967.0,,Fa,blue,1966-06-15,121541.0
1100,Somerset,18045,128.0,1910,1470,3,2,Y,TA,1912.0,,TA,White,09/10/1910,272115.0
1167,NorthRidge,5273,,1936,2148,4,2,Y,TA,1940.0,,Ex,gray,1936-10-22,432785.0
1314,Gilbert,8183,55.0,1945,1712,3,3,Y,,1949.0,,Gd,brick,07-Jan-1945,205344.0
1518,OldTown,13716,71.0,1990,1308,2,1,Y,,1990.0,,Fa,Beige,1990-09-07,118089.0
1528,Sawyer,8464,67.0,1916,1034,1,1,Y,TA,1918.0,,Gd,white,04/26/1916,135383.0
1446,Sawyer,7439,80.0,1928,1404,4,3,Y,,1934.0,,Ex,brick,07/13/1928,176108.0
1567,OldTown,6721,37.0,1920,1786,4,3,Yes,,,,TA,brick,1920-12-23,119217.0
1367,CollegeCreek,7819,100.0,1938,1164,2,3,Y,TA,1943.0,Fa,TA,blue,13-Feb-1938,230355.0
1145,Edwards,15108,55.0,1987,1657,3,2,Y,TA,,,TA,white,04-Aug-1987,170068.0
1362,Gilbert,7499,68.0,1965,1297,2,1,Y,Fa,1969.0,,TA,white,04/15/1965,163281.0
1563,CollegeCreek,18899,61.0,2000,1546,3,2,Y,TA,2002.0,,TA,white,2000-06-19,179060.0
1321,CollegeCreek,12479,54.0,1907,1744,3,2,Y,TA,1905.0,,TA,Blue,17-Aug-1907,169750.0
1185,NorthRidge,6026,78.0,1904,1077,1,1,Y,TA,,,TA,brick,1904-04-17,169028.0
1132,Sawyer,10325,67.0,1946,1773,4,2,Y,TA,1951.0,,FA,gray,05/20/1946,149721.0
1119,Somerset,7431,92.0,1928,1772,4,3,Y,,1935.0,,Gd,Gray,06/06/1928,234412.0
1038,Edwards,4946,65.0,1907,2049,4,2,Y,TA,1910.0,,Po,beige,1907-06-24,203820.0
1493,Edwards,7465,79.0,1972,1383,3,2,Y,TA,,,PO,white,24-Apr-1972,166223.0
1562,CollegeCreek,7744,78.0,1944,1684,3,2,Yes,,1945.0,,Gd,gray,07-Dec-1944,202957.0
1338,Edwards,10224,48.0,1955,1037,2,1,Y,Gd,1955.0,,FA,gray,1955-03-07,119159.0
1084,CollegeCreek,10099,65.0,1958,1904,5,3,Y,,1963.0,,Ex,blue,01/03/1958,327827.0
1224,OldTown,12687,,1980,1384,2,1,Y,,1981.0,,Gd,gray,12/25/1980,166724.0
1019,OldTown,11156,84.0,1985,818,1,1,N,,,,Fa,gray,07/15/1985,107090.0
1072,OldTown,4939,,1937,1472,4,3,Y,,1935.0,,Po,white,02/26/1937,125876.0
1418,BrookSide,7533,63.0,1927,1461,2,2,Y,Ex,1927.0,,Ta,beige,1927-09-09,183127.0
1075,Gilbert,16681,86.0,1906,480,1,1,Y,,1913.0,,TA,white,08/16/1906,101361.0
1380,OldTown,5974,58.0,2003,1716,3,3,Y,Gd,2005.0,,TA,beige,22-Aug-2003,154086.0
1385,NorthRidge,9148,72.0,1911,1217,2,1,Y,TA,1911.0,,EX,beige,1911-09-08,226081.0
1452,CollegeCreek,8693,,2001,1700,4,2,Y,,2006.0,,Gd,blue,2001-10-22,268541.0
1264,BrookSide,5823,,1915,1081,3,2,Y,Po,1921.0,,Fa,gray,1915-04-16,118440.0
1040,Edwards,10006,62.0,1963,544,2,1,Y,,1968.0,,Gd,beige,1963-05-05,85595.0
1428,Sawyer,13573,57.0,1947,1510,2,1,Y,,1950.0,,TA,white,1947-11-03,168151.0
1160,Sawyer,10337,71.0,1902,899,1,1,N,,1900.0,,Fa,beige,1902-12-22,96835.0
1110,BrookSide,13078,61.0,2002,1800,3,2,Y,,2003.0,,Gd,beige,2002-05-01,255151.0
1303,Gilbert,5216,84.0,1991,1241,2,1,Y,Fa,1994.0,,TA,blue,1991-06-07,145653.0
1582,BrookSide,4061,71.0,1968,1821,4,3,Y,Fa,1968.0,,TA,white,12-Aug-1968,206493.0
1048,BrookSide,4847,114.0,1917,1162,2,1,Y,,1922.0,,Po,White,10/24/1917,101096.0
1509,Somerset,10510,,1969,2070,4,3,Y,Ex,1973.0,,Ex,brick,12/12/1969,238227.0
1018,Sawyer,21543,,1933,2037,5,3,Y,Gd,1940.0,,Fa,white,16-Oct-1933,211125.0
1043,BrookSide,11354,77.0,1936,1941,3,2,Y,TA,1937.0,,Gd,gray,01-Nov-1936,185056.0
1273,OldTown,11684,30.0,1935,1474,3,1,N,Gd,1937.0,,Po,brick,06/07/1935,113379.0
1443,BrookSide,10432,55.0,1942,1332,3,2,Y,TA,1947.0,,TA,white,1942-06-23,158652.0
1090,OldTown,9654,73.0,1912,1170,2,1,Y,,1911.0,,Gd,WHITE,11/19/1912,112354.0
1275,Somerset,9543,115.0,1925,1497,3,1,Yes,,1928.0,,TA,Beige,21-Jul-1925,184032.0
1114,Gilbert,9468,73.0,1961,1379,2,2,Y,Gd,1964.0,,Gd,beige,1961-07-09,246263.0
1328,CollegeCreek,11516,83.0,1957,1584,5,2,Y,,1957.0,,Gd,beige,1957-08-15,191553.0
1465,Somerset,10267,58.0,1982,1246,3,3,Y,,1981.0,,TA,brick,09/24/1982,231820.0
1131,Gilbert,8862,,1971,1623,4,2,Y,TA,1969.0,,gd,white,15-Feb-1971,186450.0
1001,Sawyer,5512,64.0,1921,1719,3,2,N,,1920.0,,Ex,white,19-Jan-1921,201350.0
1227,NorthRidge,7390,82.0,2007,1624,3,2,Y,,2007.0,,Ex,Beige,2007-10-25,395996.0
1133,OldTown,6496,90.0,1906,1279,4,3,Y,,1905.0,,Po,white,12/17/1906,153700.0
1248,BrookSide,19655,72.0,1949,1427,3,2,Y,,1948.0,,Fa,beige,09/17/1949,162695.0
1283,OldTown,7712,,1979,1372,3,2,Y,Gd,1977.0,,po,beige,16-Oct-1979,114844.0
1496,Somerset,8490,66.0,1981,1495,3,1,Y,,1983.0,,Ex,gray,01/09/1981,208123.0
1335,OldTown,10231,74.0,1962,1570,3,2,Y,Gd,1965.0,,Gd,gray,07-Dec-1962,153679.0
1439,OldTown,9156,61.0,1965,1606,3,3,Y,,1966.0,,Gd,white,02-Feb-1965,137475.0
1263,OldTown,9302,98.0,1963,1112,2,2,Y,,1966.0,,Po,Blue,1963-08-02,129806.0
1142,Gilbert,9933,87.0,1954,1736,4,3,Y,,1956.0,,Gd,beige,10/14/1954,190595.0
1245,OldTown,7526,27.0,1943,908,1,1,Y,Fa,1942.0,,Fa,white,1943-07-05,101172.0
1027,Somerset,7200,86.0,1981,1672,3,2,Y,,1983.0,,ex,blue,09/16/1981,265886.0
1441,OldTown,9788,114.0,1946,805,2,2,Y,Gd,1944.0,,Gd,white,06/10/1946,75529.0
1138,OldTown,10853,83.0,1959,1763,4,2,Y,,1965.0,Ex,Ex,beige,09/08/1959,149757.0
1363,BrookSide,11390,111.0,1962,2021,4,2,Y,,1965.0,,Po,beige,06-Jul-1962,145412.0
1089,OldTown,11849,42.0,1997,1737,3,1,Y,Fa,1995.0,,TA,white,1997-02-12,162852.0
1023,CollegeCreek,10329,,2008,1711,4,2,Y,Gd,2008.0,,Gd,white,2008-12-21,204176.0
1079,Somerset,9104,46.0,1925,1190,3,1,Y,Gd,1929.0,,Ex,gray,1925-09-07,201979.0
1125,OldTown,7359,111.0,1920,1603,3,1,Y,,1921.0,,Fa,gray,03/26/1920,118936.0
1242,CollegeCreek,8529,93.0,1939,1250,3,1,Y,,1939.0,,TA,brick,03/06/1939,154772.0
1370,NorthRidge,13214,24.0,1929,2033,5,2,Y,,1935.0,,Ex,white,01/05/1929,295012.0
1326,BrookSide,10134,36.0,1975,852,1,1,Y,,1977.0,,Po,gray,1975-06-01,99626.0
1579,NorthRidge,8912,65.0,2002,1894,4,2,Y,,2001.0,,Ex,gray,2002-06-07,406984.0
1504,CollegeCreek,9037,,1988,1288,3,2,Y,,1994.0,,Ex,brick,1988-05-07,222578.0
1408,Gilbert,11696,82.0,1999,1300,3,2,Y,Gd,2006.0,,Ex,white,11-Feb-1999,166598.0
1134,Sawyer,11119,,1918,1201,2,1,Y,Ex,1923.0,,Po,gray,22-Apr-1918,130620.0
1081,CollegeCreek,9657,117.0,1939,1262,1,1,Y,TA,1940.0,,TA,White,09/27/1939,218685.0
1468,BrookSide,7794,88.0,1940,930,1,2,Y,Fa,1946.0,,Fa,gray,09-Aug-1940,126389.0
1231,BrookSide,12036,35.0,1908,1132,2,1,N,,1910.0,,Po,brick,1908-11-18,121778.0
1501,OldTown,8784,61.0,1993,1480,3,2,Y,TA,1996.0,,Gd,Beige,1993-05-10,168664.0
1037,NorthRidge,5938,63.0,1917,1598,3,2,Y,,1922.0,,Gd,gray,02-Apr-1917,268943.0
1140,Sawyer,8926,39.0,1998,1047,2,2,Y,,2000.0,,TA,gray,08-Sep-1998,160599.0
1546,OldTown,13134,97.0,1947,1182,3,3,Y,Fa,,,Po,gray,10-Sep-1947,126950.0
1236,Edwards,11596,66.0,1946,1168,2,1,Y,Gd,1953.0,,Fa,gray,1946-03-15,117835.0
1416,Edwards,4160,27.0,1925,1292,2,2,Y,,1925.0,,TA,blue,1925-05-16,105747.0
1583,Sawyer,8714,48.0,1972,1262,2,2,N,,,,Fa,gray,11/06/1972,117499.0
1332,CollegeCreek,9405,69.0,1987,1407,3,1,Y,,1992.0,,Ex,gray,15-Sep-1987,303724.0
1269,Somerset,5122,70.0,1958,1984,4,3,Y,,1960.0,,Ex,brick,1958-09-13,225209.0
1337,CollegeCreek,15564,78.0,1992,2004,4,2,Y,Po,1995.0,,Fa,blue,1992-09-14,304757.0
1091,BrookSide,8794,89.0,1947,1345,2,1,Y,,1948.0,,Po,gray,13-Oct-1947,141480.0
1080,Gilbert,8002,72.0,1964,1888,4,2,Y,,1964.0,,Po,beige,08-Jul-1964,218747.0
