order_id,customer_id,order_date,amount,status
O00344,C9007,01/01/2024,"1,052.75",SHIPPED
O00793,C0146,02-Jul-2024,$356.51,Delivered
O00568,C0119,06-Feb-2023,$271.30,delivered
O00575,C0249,2024-09-02,446.49,Delivered
O00166,C0163,2024-02-20,282.04,shipped
O00432,C0111,10/07/2024,$517.42,SHIPPED
O01186,C0011,27-Aug-2024,$361.12,delivered
O00516,C0206,05-Jun-2024,235.25,shipped
O00813,C0081,08-Apr-2024,$431.09,Shipped
O00592,C0006,29-Apr-2023,$214.64,DELIVERED
O01034,C0212,27-Aug-2024,$216.07,delivered
O00270,C0217,12/04/2023,$222.10,Delivered
O00806,C0180,02/19/2023,304.43,Shipped
O00935,C0233,09/14/2024,$311.69,Shipped
O00016,C0188,2024-11-18,$344.92,SHIPPED
O00221,C0165,04/30/2023,$402.14,delivered
O00353,C0251,2024-12-19,$366.98,Delivered
O00501,C0084,04/02/2024,$658.20,delivered
O00024,C0169,01/13/2024,420.61,Delivered
O00976,c0181,02/23/2024,$267.40,delivered
O01162,C0072,2023-03-22,623.22,Delivered
O00532,C0182,04/07/2023,327.91,DELIVERED
O00576,C0013,06-Jun-2023,$306.73,DELIVERED
O00004,C0065,2024-01-05,$336.64,CANCELLED
O00371,C0134,17-Jul-2023,188.07,delivered
O00342,C0143,10-Feb-2024,$527.77,DELIVERED
O00959,C0175,27-Nov-2023,291.07,Delivered
O01113,c0233,09/03/2023,$296.98,SHIPPED
O00888,C0245,2023-01-16,340.11,Shipped
O00616,C0154,2023-01-16,332.86,Delivered
O01164,C0039,24-Jun-2024,597.48,DELIVERED
O01146,C0019,2023-12-08,335.78,Delivered
O00046,C0085,2024-07-26,251.85,shipped
O00578,C0212,09/17/2024,159.19,Canceled
O00550,c0078,05/14/2024,N/A,Shipped
O00644,C0130,08/05/2024,398.05,Delivered
O00118,C0036,22-Mar-2023,165.88,DELIVERED
O00543,c0019,06/01/2024,$401.68,shipped
O00444,C0139,2023-07-18,391.68,delivered
O01123,c0064,2023-04-29,,DELIVERED
O00160,C0171,06/23/2023,518.46,DELIVERED
O01193,C0228,03/16/2024,348.83,Delivered
O00036,C0202,08/22/2024,328.14,Delivered
O00670,c0158,2023-01-29,195.42,delivered
O01116,C0058,25-Mar-2024,$947.17,DELIVERED
O00496,C0282,04/26/2023,$407.81,delivered
O00134,C0192,2023-11-16,480.75,DELIVERED
O01107,C0191,07/15/2023,$244.30,Delivered
O00407,C0216,2023-02-08,428.89,DELIVERED
O00490,C0009,09/01/2023,$165.16,Cancelled
O00287,C0298,21-Aug-2024,295.55,DELIVERED
O00871,C0097,01-Jan-2024,$338.09,delivered
O00840,C0121,11/15/2023,210.21,Canceled
O00251,C0113,08/09/2023,275.08,SHIPPED
O00855,C0123,2024-07-21,$356.59,Delivered
O00058,C0228,16-Jul-2024,214.59,Delivered
O00638,C0004,07/06/2024,$576.04,cancelled
O00012,C0112,02/13/2023,$446.55,cancelled
O00306,C0080,2023-08-08,$195.37,delivered
O01082,C0096,13-Jul-2024,$202.82,DELIVERED
O00041,C0074,2023-01-11,$303.37,DELIVERED
O00405,C0196,27-Apr-2024,$643.25,DELIVERED
O01029,C0259,17-Jul-2024,N/A,SHIPPED
O00367,C0108,2023-12-10,273.98,DELIVERED
O00293,C0062,12/04/2023,N/A,delivered
O00856,C0038,2023-04-30,N/A,delivered
O00960,C0092,2024-08-03,312.44,Delivered
O00541,C0300,02/18/2024,$170.62,delivered
O01013,C0008,2023-02-05,$429.49,delivered
O00425,C0177,2023-03-19,104.14,delivered
O00767,C0277,12/29/2024,$261.01,DELIVERED
O00957,C0135,08-Mar-2024,$235.21,DELIVERED
O01178,C0120,09/28/2023,213.87,Delivered
O01046,C0148,03/06/2024,645.27,DELIVERED
O00155,C0288,11/23/2023,$167.89,DELIVERED
O00590,C0101,07/19/2024,$321.31,DELIVERED
O00434,C0145,2023-02-10,672.25,delivered
O00424,C0180,25-Dec-2024,329.54,delivered
O00203,C0272,06/21/2023,118.91,DELIVERED
O00428,C0089,14-Jun-2024,337.63,Shipped
O00035,C0262,08/24/2024,N/A,SHIPPED
O01124,c0278,10/14/2024,N/A,Delivered
O00284,c0299,15-Nov-2024,303.15,Shipped
O00140,C0033,20-Mar-2023,$326.34,shipped
O00830,c0275,10/19/2024,293.79,Cancelled
O00560,C0290,2024-01-14,$296.98,Cancelled
O00150,C0220,2024-08-08,$570.82,DELIVERED
O00438,C0065,2024-06-06,661.60,Delivered
O00940,C0240,31-Oct-2024,274.79,Delivered
O01109,C0300,02/11/2024,$215.56,Delivered
O00348,C0254,2023-11-07,$189.42,delivered
O00505,C0112,23-Dec-2024,$237.25,Delivered
O00545,C0076,16-Aug-2023,404.14,delivered
O00580,C0270,10/17/2024,247.57,delivered
O00617,C0053,2023-08-08,$476.10,SHIPPED
O00835,C0201,09-Mar-2023,$174.49,delivered
O00051,C0171,04/08/2023,358.63,Delivered
O00681,C0259,30-Jan-2023,$366.75,Delivered
O00808,C0124,2024-12-26,$404.30,DELIVERED
O00515,C0188,08-Jul-2023,$479.14,Delivered
O00801,C0247,2024-11-01,385.76,DELIVERED
O00442,C0166,2024-11-12,$169.28,delivered
O00631,c0262,2023-04-13,266.06,shipped
O00371,C0134,17-Jul-2023,188.07,delivered
O00426,C0234,2023-09-09,$414.60,Delivered
O00107,C0225,07-Sep-2023,196.20,Delivered
O00629,C0215,03/10/2024,312.56,DELIVERED
O00157,C0059,2024-10-28,$139.76,SHIPPED
O00033,C0258,18-Aug-2023,$520.42,Cancelled
O00884,C0298,2024-11-12,$397.05,delivered
O00955,C0229,12/13/2024,$710.27,cancelled
O00400,C0266,10/10/2023,266.03,DELIVERED
O00733,C0275,2024-08-31,$431.73,CANCELLED
O00864,C0287,02/22/2023,544.64,Delivered
O00584,C0047,11-Apr-2024,$224.45,SHIPPED
O00237,C0107,22-Feb-2023,383.41,Delivered
O00574,C0153,01-Feb-2024,$178.56,delivered
O00704,C0121,04/26/2024,$198.68,shipped
O00247,C0272,04-Jul-2024,391.88,Delivered
O00910,C0186,30-Jun-2023,131.08,delivered
O00052,C0127,04/09/2024,$140.66,DELIVERED
O00327,C0060,2024-12-03,$269.97,shipped
O00343,C0046,10-Apr-2023,392.72,delivered
O00356,C0252,07-Mar-2024,382.56,Shipped
O00904,c0248,04-Mar-2023,$357.62,DELIVERED
O00878,c0178,12-Jun-2023,489.49,Delivered
O01048,C0093,2024-11-03,$468.31,shipped
O00313,C0291,2023-09-04,$178.43,delivered
O00698,C0050,02/06/2024,$319.19,SHIPPED
O00086,C0067,01/17/2024,$166.11,Delivered
O00167,C0249,2023-11-30,$79.42,delivered
O00972,C0079,2024-11-24,199.10,Shipped
O01141,C0170,2023-01-05,186.28,delivered
O00760,C0095,05-Oct-2023,$273.27,DELIVERED
O00761,C0049,2024-05-12,$429.61,Delivered
O00122,C0104,25-Aug-2024,$414.08,Shipped
O00259,C0084,03-Mar-2024,427.23,DELIVERED
O00029,C0232,02/15/2023,359.45,DELIVERED
O00774,c0261,09-Mar-2023,913.26,Shipped
O00506,C0010,2023-07-22,563.26,Canceled
O00858,C0174,2024-06-18,258.51,SHIPPED
O00776,C0240,09-Jan-2024,339.15,Delivered
O00268,C0038,2023-04-09,567.35,Shipped
O00827,C0147,09/26/2023,276.90,shipped
O00989,C0126,12/22/2024,$857.19,cancelled
O00725,C0168,07/27/2024,,delivered
O01092,C0087,06/18/2024,$159.99,Delivered
O00200,C0276,20-Mar-2023,538.91,delivered
O00208,C0169,2024-09-01,338.39,Delivered
O00620,C9005,06-Sep-2023,252.40,DELIVERED
O00996,c0003,2024-09-02,507.56,Delivered
O00412,C0122,23-Feb-2024,$343.30,DELIVERED
O01016,C0074,21-Apr-2024,$57.58,SHIPPED
O00073,C0266,23-Jun-2023,$213.94,Shipped
O00743,C0110,2024-07-17,$374.80,delivered
O00137,C0166,03/16/2024,459.24,DELIVERED
O00525,C0181,2024-02-23,$95.21,Delivered
O00413,C0050,03-Aug-2023,$736.37,delivered
O00538,C0171,2024-02-23,500.08,Delivered
O00339,C0204,2024-07-10,$374.23,CANCELLED
O00236,C0277,12/26/2024,816.72,cancelled
O01058,C0204,03-Jan-2023,179.42,delivered
O00036,C0202,08/22/2024,328.14,Delivered
O00794,C0157,06/19/2023,$617.78,Delivered
O00812,C0114,07-Jul-2023,$176.43,Delivered
O00736,C0290,30-Apr-2023,$124.77,DELIVERED
O00863,C0230,2023-07-09,$603.62,Delivered
O00607,C0114,2024-03-19,$105.15,Delivered
O00060,C0126,2024-08-25,$422.02,Delivered
O00763,C0137,09/06/2024,$727.46,Delivered
O00410,C0134,2024-08-20,301.13,delivered
O00518,C0243,05/20/2024,428.29,Shipped
O00401,c0273,30-Mar-2023,319.13,delivered
O00391,C0224,2023-10-26,$410.24,Delivered
O00932,C0238,2024-05-03,184.17,SHIPPED
O00209,C0083,17-Feb-2024,$338.29,DELIVERED
O00963,C0097,2024-05-11,261.32,Delivered
O01006,C0258,24-Dec-2024,440.91,Delivered
O00749,C0039,06/13/2024,297.62,SHIPPED
O00673,C0244,21-Apr-2024,121.19,Delivered
O00710,C0218,2023-01-27,486.56,delivered
O00008,C0209,2023-08-11,$449.69,SHIPPED
O00502,c0175,20-Jul-2023,$236.40,Delivered
O00966,C0231,09/16/2023,124.41,Shipped
O01191,C0142,03/14/2023,260.07,DELIVERED
O00335,C0275,10-Jun-2023,$111.47,DELIVERED
O00072,c0042,08-Apr-2024,$477.66,Cancelled
O00768,C0192,26-Sep-2023,283.67,Delivered
O00737,C0046,23-Oct-2024,579.57,Cancelled
O00937,c0143,2023-07-07,$442.58,delivered
O00437,C0123,07/28/2024,N/A,DELIVERED
O00832,C0169,12/22/2024,$417.89,Delivered
O00514,C0103,05-Sep-2023,453.05,shipped
O00407,C0216,2023-02-08,428.89,DELIVERED
O00177,C0043,2024-09-23,$490.01,delivered
O00956,C0126,2023-02-24,353.52,Delivered
O00661,C0206,09/12/2023,$386.21,delivered
O00630,C0060,12/16/2023,353.57,delivered
O00387,C0206,2024-11-20,134.46,cancelled
O01000,C0151,14-Jan-2024,613.47,DELIVERED
O00951,C0298,2023-03-15,$463.24,shipped
O00301,C0283,2023-06-03,302.53,delivered
O01024,c0213,08/06/2023,$336.56,Shipped
O00427,C0290,2024-02-02,231.25,Shipped
O00096,C0064,01/03/2024,$463.18,DELIVERED
O00355,C0171,2023-03-09,$598.40,DELIVERED
O00788,C0250,2023-06-07,$442.83,DELIVERED
O01100,C0085,18-Mar-2023,152.65,Delivered
O00363,C0085,11/30/2023,439.29,cancelled
O00163,C0245,28-Jun-2024,$589.99,shipped
O00255,C0122,07/12/2023,$197.90,Canceled
O00296,C0189,27-May-2023,$361.33,delivered
O00336,C0078,07/02/2023,,DELIVERED
O00522,C0086,22-May-2023,$407.93,cancelled
O00480,C0002,22-Dec-2023,$885.31,SHIPPED
O00712,C0293,09/11/2024,370.28,delivered
O00935,C0233,09/14/2024,$311.69,Shipped
O00927,c0172,09-Nov-2024,323.33,Shipped
O00582,C0017,2023-11-04,143.54,Delivered
O00597,C0231,12/08/2023,328.46,DELIVERED
O01031,C0095,20-Sep-2024,284.61,DELIVERED
O00218,C0200,2023-10-15,$97.91,DELIVERED
O00300,C0087,02/07/2024,$219.81,DELIVERED
O00081,C0061,18-Jun-2023,$90.55,DELIVERED
O00709,C0004,2023-09-04,$429.66,shipped
O00685,C0272,13-Jul-2024,$408.54,Delivered
O01059,C0063,2024-05-26,$318.46,delivered
O00732,C0237,26-Jul-2023,222.66,shipped
O00883,C0012,10/12/2023,$493.59,Shipped
O01120,c0296,22-Dec-2024,$395.31,delivered
O00294,C0016,2024-03-01,189.42,Shipped
O01145,C0278,2024-02-25,420.17,shipped
O00691,C0040,02-Oct-2023,$328.60,delivered
O00658,C0090,2023-10-22,340.13,Cancelled
O00587,C0236,07/04/2023,577.79,Delivered
O00440,C0241,2023-11-09,$305.47,CANCELLED
O00766,C0184,22-Sep-2023,75.50,DELIVERED
O00471,C0003,03/23/2023,401.62,Delivered
O00682,C0189,16-Jan-2023,$518.93,delivered
O00635,C0061,2024-02-20,$176.73,Shipped
O00627,c0253,08/26/2024,179.64,DELIVERED
O01004,C0028,09/28/2024,242.11,shipped
O01086,C0065,10/29/2023,$174.60,SHIPPED
O00891,C0148,2023-05-04,474.68,DELIVERED
O00637,c0047,2023-05-18,276.16,Delivered
O00202,C0153,12-Nov-2023,$299.49,cancelled
O00513,C0054,03/17/2023,$269.15,DELIVERED
O00723,C0102,27-Sep-2024,122.30,DELIVERED
O00655,C0211,2023-04-14,$313.10,Shipped
O00254,c0213,06/26/2024,$242.64,delivered
O00729,C0169,12-Nov-2024,$278.48,Delivered
O01158,C0130,06/07/2023,168.67,DELIVERED
O00676,C0013,18-Jul-2023,$130.14,delivered
O00061,C0153,2024-11-06,449.88,Delivered
O00526,C0237,07/24/2023,404.36,Cancelled
O00013,C0030,11/03/2023,$294.54,DELIVERED
O00317,C0215,11/14/2023,$509.06,DELIVERED
O00665,C0215,09/02/2023,$206.46,delivered
O00546,C0159,2024-10-29,190.46,DELIVERED
O00235,C0135,2024-10-22,816.28,cancelled
O01168,C0170,2023-11-14,209.08,SHIPPED
O00886,C0203,02/29/2024,$202.79,DELIVERED
O00557,C0142,07/02/2024,$393.58,delivered
O00098,C0275,06-Apr-2023,$573.04,Shipped
O00758,C0100,2023-03-25,$290.00,Delivered
O01154,C0167,31-Aug-2024,196.95,DELIVERED
O00133,C0231,12-Aug-2024,$374.44,SHIPPED
O00755,c0248,04/10/2024,403.07,DELIVERED
O01129,C0293,14-Aug-2024,$347.82,CANCELLED
O00535,C0093,05/12/2023,338.73,SHIPPED
O00892,C0183,26-May-2023,$311.39,Delivered
O00034,C0241,27-Jan-2023,459.89,Delivered
O00420,C0098,07/28/2023,$188.59,Delivered
O01144,C0225,07/19/2023,$146.12,shipped
O01155,C0121,11/30/2024,,DELIVERED
O00450,C0110,03/07/2024,386.56,Shipped
O00694,C0072,11/16/2024,$178.84,delivered
O00527,C0261,24-Mar-2023,549.18,DELIVERED
O00289,C0018,12/01/2023,$232.95,shipped
O00132,C0003,12/22/2024,331.68,delivered
O00583,C0035,23-Apr-2024,471.02,DELIVERED
O00926,C0259,07/03/2023,88.85,cancelled
O00087,C0058,08-Jul-2024,525.99,cancelled
O00350,C0244,2023-03-06,$563.34,Cancelled
O00197,C0261,12/04/2023,$363.13,DELIVERED
O00918,C0185,12/06/2023,853.00,Delivered
O00656,C0230,2023-03-11,$435.79,delivered
O00565,C0144,22-Jan-2023,$454.70,DELIVERED
O00724,C0065,07-Jun-2023,328.43,Shipped
O00553,C0198,23-Jul-2024,719.75,SHIPPED
O00783,C0267,24-Sep-2023,$130.93,delivered
O00668,c0099,2023-09-11,381.71,Shipped
O00439,C0286,30-Jul-2024,561.45,delivered
O00233,C0135,10/01/2023,361.89,delivered
O01153,C0058,2024-08-20,$288.63,DELIVERED
O00569,C0291,12/01/2024,369.25,delivered
O00849,C0173,12/16/2023,286.82,DELIVERED
O00860,C0223,02-Jan-2024,$308.25,DELIVERED
O01035,C0199,11/21/2023,$322.36,delivered
O00825,C0142,03-Jul-2024,$300.22,DELIVERED
O00231,C0033,2023-06-21,405.73,CANCELLED
O00393,C0264,10-Apr-2023,385.29,shipped
O00165,C0072,2023-07-25,1070.56,delivered
O00998,C0010,07-Apr-2024,606.42,Delivered
O00957,C0135,08-Mar-2024,$235.21,DELIVERED
O01127,C0164,06-Jun-2024,"1,106.98",Shipped
O00803,C0101,31-Oct-2023,$442.61,DELIVERED
O00696,c0279,2024-05-26,388.34,delivered
O00309,C0097,22-Oct-2023,$315.04,delivered
O00719,C0169,01-Jan-2024,$449.17,delivered
O00396,C0101,12-Aug-2023,$203.65,shipped
O00982,C0128,06/17/2024,325.82,delivered
O00551,C0190,16-Feb-2024,$298.57,DELIVERED
O01066,C0194,2023-08-17,$137.20,Delivered
O00653,c0199,2024-05-23,302.48,Delivered
O00014,C0090,19-Dec-2024,270.72,delivered
O01009,C0262,06/20/2023,$581.03,delivered
O00707,C0174,2023-06-21,108.45,Delivered
O00435,c0116,03-Oct-2023,662.52,delivered
O00896,c0061,18-Oct-2024,$382.52,DELIVERED
O01150,C0173,02/24/2023,154.64,Delivered
O00149,C0280,2024-07-07,352.58,delivered
O00549,C0173,2024-04-14,186.61,DELIVERED
O00280,C0298,24-May-2024,$240.34,Shipped
O00807,C9002,2024-10-30,N/A,Cancelled
O00318,C0007,2023-11-23,$307.40,Shipped
O00735,C0204,29-Mar-2024,322.52,Cancelled
O00345,C0255,27-Apr-2023,249.33,delivered
O00995,C0182,21-Aug-2024,189.14,Delivered
O01087,C0294,2023-11-22,$479.51,Delivered
O00944,C0084,2023-08-18,$490.03,DELIVERED
O00179,c0104,12/15/2024,400.25,Delivered
O00543,c0019,06/01/2024,$401.68,shipped
O00940,C0240,31-Oct-2024,274.79,Delivered
O00389,C0240,30-Dec-2024,421.87,Delivered
O00609,C0271,2024-05-12,$217.64,Cancelled
O00887,C0223,08/01/2024,138.18,Delivered
O00476,C0070,2024-12-25,198.16,delivered
O00320,C0129,2023-09-10,$276.63,DELIVERED
O01053,c0166,2023-03-25,293.74,delivered
O00990,C0180,30-Oct-2023,184.63,delivered
O01179,C0144,27-Feb-2024,230.10,Cancelled
O01032,C0124,02/03/2024,733.15,delivered
O00204,C0266,2023-01-20,261.51,SHIPPED
O00815,C0247,24-Sep-2024,342.92,delivered
O00285,C0126,2024-05-12,$292.47,DELIVERED
O00965,C0092,07/09/2023,509.09,shipped
O00605,C0006,09/18/2023,864.94,delivered
O00603,C0142,06/05/2024,472.67,DELIVERED
O00775,C0220,01-Jul-2023,$271.00,cancelled
O01097,c0195,2024-04-23,,Delivered
O00009,C0299,2024-10-24,$319.57,Shipped
O00446,C0248,01/06/2024,193.81,SHIPPED
O01190,c0232,03-Oct-2024,$163.02,DELIVERED
O00214,C0028,2024-11-02,"$1,006.13",CANCELLED
O01126,c0086,11/30/2024,267.92,Delivered
O00799,C0078,12/29/2024,$336.96,SHIPPED
O00611,C0297,26-Feb-2023,431.38,delivered
O01108,C0154,04/14/2024,$253.40,delivered
O00465,C0068,18-May-2024,$189.33,shipped
O00199,C0281,2024-10-14,$380.07,cancelled
O00562,C0033,2024-12-06,$338.74,delivered
O00464,C0170,15-Jul-2024,476.63,Shipped
O00647,c0236,27-Aug-2024,$584.03,Delivered
O00459,C0161,06/16/2024,123.47,delivered
O00634,C0139,19-Dec-2023,$412.53,delivered
O00518,C0243,05/20/2024,428.29,Shipped
O01085,C0135,03/23/2024,$282.35,DELIVERED
O00194,C0281,2023-07-28,449.45,DELIVERED
O01063,C0168,2023-11-20,$611.75,Cancelled
O01199,C0001,2024-04-17,213.86,CANCELLED
O00445,C0078,01/13/2024,484.22,cancelled
O01008,C0217,2023-07-29,N/A,Shipped
O00288,C0297,13-Jun-2023,$215.37,DELIVERED
O00859,C0056,12/22/2023,$417.22,Delivered
O00223,C0210,2023-12-25,$333.58,delivered
O00245,C0215,18-Jan-2023,$332.78,delivered
O00229,C0267,2024-03-25,445.83,delivered
O01014,C0042,10-Oct-2024,291.36,DELIVERED
O00472,C0046,07/21/2024,$503.70,SHIPPED
O00134,C0192,2023-11-16,480.75,DELIVERED
O00613,C0006,2023-07-02,459.92,Shipped
O00332,C0080,2023-11-04,$201.35,DELIVERED
O00127,C0252,01/20/2024,107.93,shipped
O00447,C0082,2023-03-21,152.75,DELIVERED
O00692,C0016,10-Jun-2023,91.33,Delivered
O01170,C0218,12/14/2023,$308.05,SHIPPED
O00248,C0255,02/04/2023,59.96,DELIVERED
O00744,C0147,12/28/2024,527.74,Delivered
O00213,c0138,2024-04-23,$174.56,Shipped
O00417,C0224,12-Aug-2024,$286.29,Shipped
O00624,C0147,08/28/2023,$135.75,CANCELLED
O00925,C0023,2023-08-27,41.20,shipped
O00721,C0202,04-Jun-2024,124.04,delivered
O00566,c0241,08/13/2023,553.82,delivered
O00841,C0272,2024-08-14,$490.51,Delivered
O00163,C0245,28-Jun-2024,$589.99,shipped
O00903,C0048,2023-10-09,276.64,DELIVERED
O01188,C0086,2024-08-18,516.02,CANCELLED
O00924,C0242,17-Nov-2024,595.76,Delivered
O00654,C0276,2024-06-22,103.41,Delivered
O00347,C0268,01/19/2023,291.21,Delivered
O00738,C0261,2024-05-05,171.81,delivered
O00979,C0096,24-Jan-2023,$786.95,shipped
O00359,C0027,2024-04-04,$536.25,Delivered
O00534,C0153,09/04/2023,247.09,delivered
O00939,C0246,2024-05-21,$552.69,delivered
O00664,C0105,19-May-2023,$235.22,delivered
O00310,C0105,2023-11-16,207.62,Delivered
O00853,c0148,2023-12-23,$754.03,DELIVERED
O00354,C0034,2023-05-18,754.99,delivered
O00366,C0061,07/10/2024,167.24,delivered
O00862,C0114,03/04/2023,355.08,delivered
O00979,C0096,24-Jan-2023,$786.95,shipped
O00499,C0116,16-Jun-2024,336.55,Delivered
O01157,C0047,19-May-2024,$59.72,delivered
O00984,C0216,30-Apr-2024,$555.57,delivered
O00875,c0240,2023-12-15,180.51,Delivered
O00220,C0064,08/26/2024,$442.16,delivered
O00781,C0220,11/27/2023,$483.67,DELIVERED
O00429,C0117,01/19/2024,$250.85,cancelled
O00105,C0199,01/29/2024,213.09,delivered
O01098,c0230,2023-11-27,274.53,shipped
O00109,C0015,01/19/2023,372.89,Delivered
O00262,C0219,18-Sep-2023,228.60,delivered
O00731,C0086,01/29/2024,$294.08,Delivered
O00702,C0256,10/13/2024,523.16,CANCELLED
O01197,C0224,2023-12-17,,Delivered
O00778,C0038,07/06/2024,$409.68,SHIPPED
O00433,C0144,2023-03-04,813.77,DELIVERED
O01184,c0044,10-Mar-2023,218.85,delivered
O00929,C0061,2023-04-04,$331.73,Delivered
O00196,c0016,2023-03-31,472.22,delivered
O00323,C0121,2024-04-04,$315.72,DELIVERED
O00593,C0160,2023-07-22,339.29,Delivered
O00510,C0280,30-May-2024,$308.49,DELIVERED
O00834,C0176,2024-10-23,566.31,Cancelled
O00489,C0141,2024-06-27,426.02,delivered
O01191,C0142,03/14/2023,260.07,DELIVERED
O00595,C0240,10/27/2023,484.54,shipped
O00764,C0087,2024-02-29,807.06,Shipped
O01061,C0136,2023-08-27,$415.13,SHIPPED
O00717,C0002,26-May-2023,$533.87,DELIVERED
O00304,C0049,09/29/2024,$334.39,Delivered
O01075,C0010,2023-11-26,$391.02,Shipped
O00650,C0040,18-Jun-2024,$132.02,delivered
O00889,c0158,2024-03-04,$197.77,DELIVERED
O00362,C0242,04-Feb-2024,211.43,Delivered
O00689,C0064,12/07/2023,327.59,Canceled
O00173,C0247,01/08/2024,$118.43,DELIVERED
O01010,C0097,07/27/2023,$448.95,Delivered
O00991,C0060,08/17/2023,$534.73,delivered
O00085,c0147,28-Jul-2023,$252.13,Delivered
O00130,C0169,27-Aug-2024,301.47,Shipped
O00124,C0233,14-Jul-2023,$225.09,SHIPPED
O00688,C0043,2023-06-18,175.80,shipped
O01065,C0148,2024-07-06,$271.93,Delivered
O00934,C0299,2023-03-13,$200.50,Delivered
O00493,C0212,2024-01-25,$134.14,DELIVERED
O00139,C0035,11-Nov-2023,,cancelled
O01125,C0112,12/20/2024,673.58,shipped
O01114,C0211,09-Mar-2024,$447.46,Shipped
O01163,c0060,12-Jan-2024,$315.38,Delivered
O01189,C0177,2023-12-12,$620.25,Cancelled
O00833,c0176,05/14/2023,$129.75,delivered
O00483,c0023,10/28/2023,N/A,delivered
O00905,C0236,12/18/2023,123.38,delivered
O01018,C0188,2023-11-27,455.68,DELIVERED
O00487,C0081,2024-03-22,592.38,shipped
O00948,C0127,01-Jan-2023,$556.21,Delivered
O00357,C0002,02/18/2023,$150.24,delivered
O00920,C0155,2023-12-07,492.88,Delivered
O01030,C0153,06/15/2024,,cancelled
O00043,C0115,21-Oct-2024,63.37,Delivered
O00645,c0245,2023-04-13,201.17,Canceled
O00672,c0081,2023-12-01,$313.25,shipped
O00817,C0212,2023-12-30,230.36,DELIVERED
O00596,C0100,2024-12-20,,delivered
O00829,C0295,06/09/2024,$133.08,Delivered
O00276,C0028,19-Jun-2024,$437.02,DELIVERED
O00094,C0064,24-Jun-2023,$524.74,Canceled
O00983,C0060,20-Oct-2023,$427.22,delivered
O00282,c0265,28-Dec-2024,"1,086.78",delivered
O01133,C0295,07/19/2024,174.44,Delivered
O00621,C0083,01/12/2023,359.20,DELIVERED
O00422,C0063,2023-09-02,175.70,Shipped
O00904,c0248,04-Mar-2023,$357.62,DELIVERED
O01175,C0068,2023-05-04,$618.45,DELIVERED
O01081,C0274,2024-04-10,$270.32,Delivered
O00811,C0146,18-Jun-2024,542.97,DELIVERED
O00005,C0249,2024-12-23,245.41,Delivered
O00448,C0048,04-Jul-2024,$422.69,DELIVERED
O01039,C0215,2024-10-30,299.44,delivered
O00823,C9000,2023-11-12,670.71,Delivered
O00456,C0051,2023-01-09,339.79,DELIVERED
O00453,c0224,2023-04-30,$373.08,Delivered
O00457,C0108,12/24/2024,256.51,DELIVERED
O00328,C0237,05-Apr-2024,547.27,cancelled
O01181,C0257,12/07/2023,294.52,Delivered
O00154,C0163,09/07/2024,$480.66,delivered
O00521,C0194,2023-04-19,86.07,delivered
O00748,C0150,11/03/2024,$267.15,delivered
O00821,C0096,03/30/2024,$300.12,DELIVERED
O00385,C0281,02/08/2023,$419.47,shipped
O00182,C0055,01/19/2023,,Delivered
O00820,C0075,2024-03-13,$319.92,Shipped
O01159,c0124,11-May-2023,$675.94,delivered
O00895,C0020,2023-10-11,198.30,Delivered
O00239,c0018,24-Sep-2023,,Shipped
O00038,C0116,28-Dec-2024,$121.29,delivered
O00402,C0154,11-Jul-2023,71.39,Delivered
O00470,C0172,11-Oct-2024,675.34,Delivered
O00152,C0071,12-Feb-2023,695.53,Delivered
O00324,C0043,07-Apr-2024,$476.46,DELIVERED
O00843,c0097,2023-10-05,504.04,DELIVERED
O00601,C0206,01/22/2024,452.68,DELIVERED
O00513,C0054,03/17/2023,$269.15,DELIVERED
O00555,C0179,05-Mar-2023,$354.75,delivered
O00380,C0057,16-Aug-2024,$537.90,cancelled
O00844,C0235,2024-12-28,478.78,shipped
O00872,C0132,2023-05-11,$334.53,Shipped
O01156,c0132,02-Jul-2023,$517.60,Delivered
O01043,C0163,2023-08-18,$208.50,Canceled
O01005,C0055,10/24/2023,319.72,DELIVERED
O01103,C0031,2023-11-04,$117.46,delivered
O00626,C0203,01/03/2024,$455.99,Shipped
O01173,C0213,04-Jan-2024,483.72,delivered
O00754,C0055,08-Jan-2023,N/A,DELIVERED
O00164,C0032,10/06/2023,$222.75,DELIVERED
O00449,C9001,2023-08-22,$363.67,delivered
O00994,C0136,2023-08-14,537.91,shipped
O00716,C0214,02-Jul-2023,$195.52,Delivered
O00088,C0136,22-Mar-2023,$223.28,SHIPPED
O00662,C0042,12/31/2023,$445.05,Shipped
O00753,C0231,02-Mar-2024,$277.19,delivered
O01134,C0154,04/18/2023,$471.77,Shipped
O00933,C0027,03/14/2023,238.09,Delivered
O00591,C0215,2024-09-24,$306.46,Delivered
O00520,c0172,2023-02-20,321.11,Canceled
O00917,C0086,2024-11-25,$444.51,DELIVERED
O00343,C0046,10-Apr-2023,392.72,delivered
O00297,C0047,12/28/2023,210.75,DELIVERED
O00201,C0097,06/03/2023,$266.07,delivered
O00376,C0251,30-May-2024,$144.50,DELIVERED
O00100,c0093,2023-11-12,207.85,Delivered
O00632,C0078,10-Dec-2024,505.55,Delivered
O00819,C0174,14-Jan-2024,366.54,DELIVERED
O00337,C0263,08-Jul-2023,202.15,Delivered
O00180,C0269,24-Dec-2023,N/A,Cancelled
O00842,C0193,22-Mar-2023,$396.42,cancelled
O00795,C0042,2023-04-19,N/A,DELIVERED
O00119,C0102,2024-11-17,$452.98,delivered
O00602,C0254,06/15/2024,$110.60,SHIPPED
O01088,C0184,11/03/2023,$378.12,DELIVERED
O00135,C0198,2024-11-10,346.50,Delivered
O00486,C0054,15-Jul-2024,312.09,delivered
O00053,C0282,02/28/2024,$80.72,delivered
O00361,C0066,17-Feb-2024,280.21,SHIPPED
O00260,C0229,07/11/2024,$78.11,delivered
O00699,C0218,18-Sep-2024,$707.39,Delivered
O00715,C0051,01/27/2024,313.41,delivered
O00330,C0065,10/25/2023,289.77,Delivered
O00298,C0297,2024-10-09,380.42,DELIVERED
O00579,c0300,18-May-2023,317.15,Shipped
O00023,c0013,08/12/2023,$432.38,Delivered
O00310,C0105,2023-11-16,207.62,Delivered
O00474,C0252,2023-02-08,$423.12,delivered
O00283,C0039,03/08/2023,$379.35,shipped
O01062,C0102,10/07/2023,$313.14,SHIPPED
O00636,C0144,01/25/2024,150.73,shipped
O01198,C0100,05-Feb-2024,251.65,Delivered
O00798,C0001,01/25/2023,510.56,Delivered
O00909,C0145,16-Oct-2024,305.15,Canceled
O00879,C0040,01/12/2024,$350.90,DELIVERED
O00468,C0025,2024-04-01,528.79,delivered
O00067,c0211,13-Nov-2023,$372.34,delivered
O00452,C0101,25-Jun-2024,$523.09,DELIVERED
O01194,C0149,2024-01-25,$203.05,Delivered
O00642,C0268,03/31/2023,$658.81,Cancelled
O00032,C0036,12/26/2024,207.79,delivered
O00780,c0095,2024-11-19,$439.92,SHIPPED
O00144,C0034,24-Sep-2024,$358.61,Delivered
O00431,C0062,09/18/2024,$307.92,DELIVERED
O00881,C0286,20-Apr-2024,$651.10,shipped
O00185,C0032,12/16/2023,$690.45,DELIVERED
O00600,C0289,08/17/2023,$442.59,SHIPPED
O00814,C0282,2024-02-06,541.71,Shipped
O00822,C0004,29-Jan-2024,$541.03,DELIVERED
O00479,C0022,2023-08-20,$174.29,DELIVERED
O00533,C0276,2023-09-14,$228.01,Delivered
O00410,C0134,2024-08-20,301.13,delivered
O01112,C0011,03-Dec-2024,409.23,delivered
O00558,C0281,08/28/2023,75.91,delivered
O01083,C0035,2023-10-16,$228.30,Delivered
O00481,C0175,09/16/2023,$233.96,Delivered
O00121,C0195,30-Dec-2024,395.22,DELIVERED
O00090,C0186,2024-06-15,$761.42,SHIPPED
O00796,C0044,09-Jan-2023,$338.02,Canceled
O01001,C0142,02/04/2023,344.59,delivered
O00108,C0008,2023-02-12,422.23,DELIVERED
O00473,C0285,2023-08-10,475.57,Canceled
O00159,C0175,2024-07-22,$161.60,SHIPPED
O00267,C0152,03/01/2023,323.51,Delivered
O01048,C0093,2024-11-03,$468.31,shipped
O00914,C0071,2023-02-08,$581.10,DELIVERED
O00705,C0089,25-Nov-2024,208.76,delivered
O00250,C0161,08/15/2023,,Delivered
O00964,C0133,11/29/2024,368.14,Shipped
O01045,c0076,08-Oct-2024,$789.84,Delivered
O00421,c0235,08/06/2023,214.80,SHIPPED
O00141,c0124,11/12/2024,$429.68,Delivered
O00943,C0101,06-Jan-2024,$357.63,DELIVERED
O00467,C0236,2023-09-26,$257.58,DELIVERED
O00463,C0041,31-Jan-2024,$934.00,DELIVERED
O00478,c0144,2024-08-24,245.46,delivered
O00106,c0014,2023-09-02,$688.21,Delivered
O00657,C0035,08/30/2024,$307.95,DELIVERED
O00151,C0014,2024-03-18,831.67,DELIVERED
O01064,C0158,24-Jul-2024,$251.29,Shipped
O00612,C0097,14-Dec-2023,$268.26,DELIVERED
O00404,C0190,09/01/2024,726.19,DELIVERED
O00303,C0213,2023-04-24,$299.15,DELIVERED
O00614,C0057,2023-05-14,512.42,Delivered
O00734,C0113,25-Feb-2024,884.10,delivered
O00125,C0025,04/18/2023,321.84,DELIVERED
O00271,C0052,2023-02-15,$212.34,Delivered
O00349,C0042,04/27/2023,$328.95,Shipped
O00369,C0055,2023-07-21,$560.09,DELIVERED
O00142,C0074,2023-03-06,$321.39,Delivered
O00797,C0124,2023-10-05,$336.01,delivered
O00022,C0034,20-Oct-2024,$155.21,delivered
O00916,C0164,11/04/2023,N/A,Cancelled
O00700,C0009,2024-04-11,$501.44,DELIVERED
O01060,C0288,11/16/2024,670.44,DELIVERED
O00050,C0032,07/25/2024,456.50,Delivered
O00651,C0084,08-Jan-2023,717.46,delivered
O00786,C0289,05/03/2023,93.93,shipped
O00062,C0281,2024-05-30,$356.15,Delivered
O00666,C0246,03/31/2023,232.28,CANCELLED
O00908,C0088,29-Oct-2023,315.72,Delivered
O00563,C0262,09/09/2024,290.89,delivered
O00773,C0003,2023-11-24,$501.43,SHIPPED
O01151,C0041,04/27/2023,$404.21,DELIVERED
O01182,C0151,08/25/2023,144.51,DELIVERED
O01131,C0026,24-Sep-2024,114.00,delivered
O00866,C0218,12-Jan-2023,211.98,DELIVERED
O00581,C0163,2024-04-21,$481.92,Delivered
O01071,C0246,08-Mar-2024,$203.52,SHIPPED
O00027,C0215,2023-02-27,218.23,Delivered
O01049,C0092,01/30/2024,$205.37,delivered
O00962,C0012,2023-10-30,231.51,cancelled
O00026,C0264,10-Sep-2023,502.56,Cancelled
O00792,C0146,09/02/2024,$816.92,Delivered
O00078,C0248,16-Nov-2023,N/A,Delivered
O00153,C0147,2023-05-15,$555.19,delivered
O00386,C0202,09/05/2024,$441.46,delivered
O01148,C0280,04/27/2023,507.78,Shipped
O00693,C0256,27-Jul-2023,$369.86,DELIVERED
O00922,C0027,2023-07-25,384.37,SHIPPED
O00495,c0075,13-Aug-2023,138.05,Shipped
O00848,C0121,03/31/2024,911.37,Delivered
O00273,C0262,05-Oct-2023,$449.46,Shipped
O00588,C0043,17-Dec-2024,272.07,Canceled
O00241,C0185,2024-07-14,$578.32,DELIVERED
O00311,C0050,2023-10-26,$517.56,DELIVERED
O00054,c0285,2023-09-07,200.95,DELIVERED
O00974,c0124,02-Dec-2023,$781.13,Delivered
O00395,c0186,2023-03-24,354.58,Delivered
O01142,C0200,2024-09-18,259.86,delivered
O00684,C0191,2024-12-13,$263.13,DELIVERED
O00618,C0132,10/17/2023,$554.94,CANCELLED
O00286,C0033,06-Oct-2024,330.64,delivered
O01139,C0113,10/26/2023,$376.51,Delivered
O00156,C0175,11/01/2024,427.73,DELIVERED
O00418,C0189,13-Jan-2023,$327.38,DELIVERED
O00279,C0167,2024-08-16,$255.60,DELIVERED
O00947,c0097,06/07/2023,$649.38,DELIVERED
O01110,C0047,03/04/2023,483.98,shipped
O00953,C0231,2023-07-11,408.31,cancelled
O01093,C0100,11/23/2024,286.58,DELIVERED
O00379,C0296,03/11/2023,567.07,DELIVERED
O00307,C0156,05/29/2024,175.06,delivered
O00274,C0006,2023-11-12,426.38,delivered
O00063,C0185,2024-07-07,$161.89,Delivered
O00261,C0068,07/13/2023,$364.55,delivered
O00683,C0249,03/04/2023,$653.56,delivered
O00740,C0179,18-Aug-2024,154.06,SHIPPED
O00503,C0008,26-Dec-2024,187.75,delivered
O00950,C0025,25-Oct-2024,$158.67,Delivered
O00482,C0114,05-Aug-2023,$379.28,Delivered
O00765,C0175,11/26/2024,$332.17,Cancelled
O01037,C0039,2024-07-28,$385.03,Shipped
O00112,C0161,07-Oct-2024,228.84,delivered
O00945,C0204,2024-07-22,95.55,DELIVERED
O00954,C0013,2024-10-18,536.30,DELIVERED
O00253,C0010,2023-12-28,$301.28,delivered
O00455,C0238,07/10/2023,80.86,DELIVERED
O00002,C0019,10/08/2023,$487.40,Delivered
O00992,C0061,02/15/2023,236.67,Delivered
O00981,C0294,19-Jul-2024,230.82,Shipped
O00906,C0171,2024-07-20,$997.21,DELIVERED
O00326,C0258,10/07/2023,420.87,DELIVERED
O00198,C0077,2024-11-04,$572.61,Delivered
O01079,C0256,2024-03-01,279.93,delivered
O00069,C0230,09-Mar-2023,$89.41,delivered
O00648,C0164,11/15/2024,$434.08,Delivered
O00971,C0074,25-Sep-2023,$545.62,shipped
O00680,C0082,05/19/2024,$485.09,Delivered
O00188,C0262,10-Aug-2023,568.72,DELIVERED
O00397,c0161,2023-01-21,464.25,DELIVERED
O01177,C0121,09/11/2024,$71.90,DELIVERED
O00065,C0047,09/08/2023,349.13,DELIVERED
O00331,C0138,2023-01-25,$518.87,delivered
O00116,C0291,24-Nov-2023,307.31,Delivered
O00913,C0294,27-Sep-2023,$351.41,Delivered
O00364,C0281,07/05/2024,$673.82,Delivered
O00314,C0215,21-Dec-2024,230.33,Delivered
O00129,C0087,22-Oct-2024,290.28,Delivered
O00441,c0138,2024-08-23,$321.29,delivered
O00195,C0098,2024-02-14,262.11,shipped
O01174,C0088,2023-07-07,$222.05,delivered
O00136,C0202,22-Sep-2024,490.85,delivered
O01015,C0106,21-Oct-2023,$547.62,DELIVERED
O00225,C0187,28-Apr-2023,222.82,DELIVERED
O00003,C0139,18-May-2023,100.15,SHIPPED
O00564,C0043,04/29/2023,$436.02,delivered
O00703,C0091,2024-12-17,$163.64,delivered
O00243,C0092,2024-01-28,204.79,delivered
O00076,C0139,26-Jul-2023,426.51,Delivered
O00873,c0281,02-Oct-2024,579.53,Delivered
O01115,C0177,24-Apr-2023,$239.09,SHIPPED
O00360,C0191,2023-09-25,$742.98,DELIVERED
O00909,C0145,16-Oct-2024,305.15,Canceled
O00370,C0076,2023-11-01,528.25,DELIVERED
O00969,C0188,10/11/2023,599.47,Canceled
O00338,C0069,05/03/2024,174.11,Delivered
O01042,c0078,22-Oct-2023,$217.25,DELIVERED
O00007,C0255,06-May-2024,304.39,SHIPPED
O01091,C0096,01-Mar-2024,$532.65,delivered
O01078,C0002,2023-10-12,207.20,Cancelled
O00249,C0212,03/12/2024,$273.50,DELIVERED
O01022,C0272,10/04/2024,$430.53,DELIVERED
O00757,C0028,26-Sep-2023,$473.99,CANCELLED
O00537,C0157,11/19/2024,355.63,Shipped
O01011,C0150,2024-05-23,$155.23,Delivered
O00986,C0285,20-Jun-2024,53.06,Shipped
O00319,C0021,12/13/2023,796.49,SHIPPED
O00057,C0175,28-Feb-2024,867.81,SHIPPED
O00384,C0031,16-Jan-2023,"$1,265.24",delivered
O00556,C0120,2024-10-31,194.70,DELIVERED
O00358,C0073,29-Apr-2023,254.39,DELIVERED
O00531,C0171,19-Feb-2024,$274.45,cancelled
O00511,C0039,12/21/2023,$338.86,Delivered
O00547,C0267,06/13/2023,$382.22,Shipped
O00824,C0109,2023-08-20,230.85,SHIPPED
O00171,C0086,2024-08-10,$412.36,Delivered
O01197,C0224,2023-12-17,,Delivered
O01152,C0080,2024-07-02,$238.54,DELIVERED
O00187,c0030,2024-05-31,,delivered
O00011,C0061,16-Mar-2024,$119.96,DELIVERED
O01075,C0010,2023-11-26,$391.02,Shipped
O00687,C0196,07/27/2024,$507.46,cancelled
O01068,C0142,2023-10-03,439.08,DELIVERED
O00031,C0153,07/16/2023,306.68,Cancelled
O00628,C0265,2024-08-11,675.11,delivered
O00066,C0286,14-Mar-2023,$88.15,Delivered
O00190,C0163,15-Mar-2023,443.90,delivered
O00117,c0242,15-May-2023,288.02,Shipped
O00852,C0072,2024-08-02,297.54,DELIVERED
O00138,C0216,14-Aug-2024,$89.82,DELIVERED
O01073,C0210,2024-09-20,$361.36,Shipped
O00770,C0124,09/06/2023,$782.89,Delivered
O00790,C0205,16-May-2024,$501.68,cancelled
O01025,C0204,09/15/2024,$522.25,delivered
O00701,C0230,2023-05-08,366.12,delivered
O00718,C0002,10/31/2024,$266.84,Delivered
O00949,C0129,07/03/2024,$259.04,SHIPPED
O00049,c0123,23-May-2024,112.73,DELIVERED
O00215,C0166,12/22/2024,135.53,delivered
O00126,C0006,01/17/2024,746.02,delivered
O00047,C0020,2024-06-10,$195.13,Shipped
O00257,C0143,03/03/2023,64.84,cancelled
O00619,c0240,11/18/2023,493.71,shipped
O00930,C0273,15-Apr-2023,$379.03,Delivered
O00554,C0092,2023-03-07,$251.98,SHIPPED
O00867,C0268,09/24/2023,$316.56,DELIVERED
O00092,C0057,2023-11-08,$622.66,DELIVERED
O01012,C0178,03/16/2024,$224.08,Cancelled
O00784,C0118,2023-01-20,$730.07,DELIVERED
O00017,C0053,2023-12-20,$362.31,Delivered
O01166,c0214,06/13/2023,345.23,Delivered
O00406,c0184,2024-11-28,$429.58,Delivered
O00936,C0271,01/09/2024,878.03,Shipped
O00048,c0146,12-Dec-2023,289.06,shipped
O00158,C0091,24-Dec-2024,$550.66,DELIVERED
O01003,C0219,10-Nov-2024,$656.18,DELIVERED
O00870,C0011,2023-03-30,501.20,delivered
O00839,C0247,2024-10-07,372.84,delivered
O00747,C0209,05-Nov-2023,$405.12,delivered
O00542,c0050,09/06/2024,377.97,CANCELLED
O00659,C0116,18-Aug-2024,$514.38,Delivered
O00383,C0050,13-Jan-2024,$354.05,Shipped
O00219,C0197,2023-02-19,556.38,Delivered
O00071,C0248,14-Aug-2024,$260.45,delivered
O00070,c0139,05/10/2024,120.86,delivered
O00708,C0133,02/01/2024,429.88,Delivered
O00091,C0073,2023-02-26,328.00,SHIPPED
O00675,C0096,02/10/2023,$156.78,Delivered
O01074,C0154,19-Jun-2024,783.53,delivered
O00103,C0283,01/07/2024,$259.09,Delivered
O00103,C0283,01/07/2024,$259.09,Delivered
O00055,C0294,11/28/2024,$381.63,delivered
O01002,C0205,01/14/2024,514.25,SHIPPED
O00458,C0168,2024-02-03,$83.97,Shipped
O00615,c0043,08/07/2024,615.52,DELIVERED
O01167,C0294,13-Jun-2024,116.75,shipped
O00128,C0020,05/12/2024,$411.87,delivered
O00669,C0023,2024-02-21,$136.24,DELIVERED
O00110,C0175,06/11/2023,311.36,DELIVERED
O00485,C0199,01/03/2024,360.93,delivered
O00044,C0076,2023-05-11,$596.43,DELIVERED
O00423,C0055,26-Feb-2023,1018.14,Shipped
O00594,C0163,09/09/2023,347.78,delivered
O00970,C0138,12/07/2024,199.60,Shipped
O01040,C0088,2024-12-03,$309.83,Delivered
O00589,C0109,2023-12-27,304.38,DELIVERED
O00810,C0188,10/26/2023,886.78,Delivered
O00454,C0158,06/09/2023,$83.24,delivered
O00818,C0144,2024-07-26,$302.40,Shipped
O00978,C0271,2024-04-17,$628.05,Delivered
O01044,C0296,2023-08-01,$372.58,SHIPPED
O00161,C0254,12-Sep-2024,180.52,shipped
O00146,C0164,29-Jan-2023,$257.48,Delivered
O01192,C0020,2024-09-09,$688.83,DELIVERED
O00475,C0108,2024-06-18,161.60,SHIPPED
O00711,c0272,29-Apr-2023,$276.67,delivered
O01106,C0125,09/19/2024,$127.00,Delivered
O00942,C0076,04/30/2024,503.83,Canceled
O00290,C0009,04/13/2024,$322.59,shipped
O00997,C0167,2024-01-13,$152.20,Delivered
O00316,C0054,17-Feb-2023,$707.66,delivered
O00750,C0226,21-Apr-2023,609.31,delivered
O01007,C0239,31-Jan-2023,$965.64,DELIVERED
O00789,C0272,01/04/2024,458.88,Delivered
O00469,C0276,2023-02-06,$686.28,delivered
O00099,C0259,20-Jul-2024,$359.38,Delivered
O00227,c0269,2024-11-01,$429.20,DELIVERED
O00451,C0154,08-Apr-2023,230.07,delivered
O00382,C0201,28-Aug-2023,168.31,CANCELLED
O00525,C0181,2024-02-23,$95.21,Delivered
O00462,C0246,2024-12-04,177.47,delivered
O00816,C0100,09/11/2023,390.43,Delivered
O00857,C0002,18-Dec-2024,131.21,DELIVERED
O01176,c0206,12/08/2024,105.90,DELIVERED
O00649,C0150,2023-12-04,357.29,delivered
O00278,C0174,05/16/2023,$430.39,delivered
O00466,c0060,01/15/2024,$291.92,Shipped
O00322,C0249,2024-12-23,754.73,delivered
O00652,C0151,12/24/2023,810.73,Shipped
O00876,C0200,17-Jul-2024,354.50,Delivered
O00488,C0127,20-Nov-2024,$347.19,shipped
O01196,C0133,15-Apr-2023,432.39,Shipped
O00484,C0239,25-Jun-2023,414.26,DELIVERED
O00443,C0033,2023-10-22,317.81,delivered
O00504,C0104,2023-08-20,416.12,delivered
O00640,C0245,2024-09-21,$191.21,Delivered
O00583,C0035,23-Apr-2024,471.02,DELIVERED
O00973,C0057,2024-01-17,$349.86,Delivered
O00751,C0045,09/26/2023,N/A,DELIVERED
O01137,C0140,02/02/2023,188.58,delivered
O00577,c0178,25-Mar-2024,230.15,delivered
O00674,C0086,11/09/2024,$274.15,Delivered
O00846,C0109,05-Apr-2024,816.13,delivered
O00874,C0017,2023-11-12,$650.62,delivered
O00714,c0267,2023-01-20,650.70,Cancelled
O00958,C0057,27-Feb-2024,$171.48,delivered
O00398,C0088,2024-11-20,137.91,DELIVERED
O00977,C0131,06/27/2023,$417.22,Delivered
O01096,C0213,07/07/2023,162.37,Cancelled
O00189,C0297,2024-10-30,178.30,DELIVERED
O01099,C0082,2023-11-05,150.53,Delivered
O00850,C0018,31-Jan-2024,332.06,delivered
O00491,c0164,2023-02-21,$142.52,Delivered
O01121,C0172,19-Apr-2023,521.68,CANCELLED
O01084,C0055,08-Mar-2023,$227.11,Canceled
O01172,C0203,02/17/2023,$479.12,Delivered
O00123,C0126,2024-08-06,392.52,DELIVERED
O00010,C0270,27-Apr-2024,$261.83,DELIVERED
O01036,C0211,23-Apr-2024,610.11,DELIVERED
O00165,C0072,2023-07-25,1070.56,delivered
O00805,C0006,2023-06-06,123.81,Delivered
O00787,C0047,01-Mar-2024,"$1,119.76",delivered
O00623,C0173,2023-09-24,361.84,Delivered
O00102,C0020,11-Oct-2024,$384.27,shipped
O01023,C0276,2024-10-24,$246.48,shipped
O00352,c0048,05-Oct-2024,$217.19,shipped
O00374,C0058,30-Oct-2023,$357.11,Delivered
O00572,C0283,04/01/2023,$709.37,cancelled
O00561,C0253,07/09/2023,423.50,Delivered
O00727,C0153,09/17/2023,$643.80,DELIVERED
O00272,C0238,27-Dec-2024,185.20,Delivered
O00622,C0143,2024-11-19,332.26,CANCELLED
O01051,C0103,04/11/2023,170.32,Delivered
O00690,C0011,2023-03-23,467.61,DELIVERED
O00646,C0107,03/06/2024,$645.42,Delivered
O00240,C0161,30-Sep-2024,$189.53,delivered
O01195,C0197,2024-10-29,142.68,Delivered
O00077,C0114,08-Jul-2024,$470.44,Shipped
O00224,C0207,04/05/2024,$515.51,Delivered
O00894,c0289,2023-02-15,$501.34,shipped
O00663,c0099,29-Jun-2024,$105.64,DELIVERED
O00643,C0130,2024-12-17,863.41,Delivered
O00831,C0125,01-May-2024,403.26,Cancelled
O00993,C0149,11/17/2024,$768.03,shipped
O01180,c0110,02/25/2024,179.92,CANCELLED
O00519,C0177,09/18/2024,409.71,DELIVERED
O00962,C0012,2023-10-30,231.51,cancelled
O00461,C0097,2024-03-07,475.90,delivered
O00312,C0248,05/10/2024,$544.89,SHIPPED
O00019,C0052,08-Sep-2024,$362.63,DELIVERED
O00192,C0007,2024-03-21,$351.28,DELIVERED
O00414,C0234,25-Aug-2023,$413.83,delivered
O00967,C0045,08/20/2024,655.75,delivered
O01077,C0201,2024-06-07,"$1,118.21",delivered
O00281,C0163,04/17/2024,$392.06,DELIVERED
O00500,C0291,08/05/2023,$243.87,DELIVERED
O00329,C0009,2023-12-06,481.28,DELIVERED
O00001,C0017,07-Jun-2024,187.80,DELIVERED
O00573,C0092,27-Dec-2023,$414.78,delivered
O00877,c0070,2023-09-01,$281.00,Shipped
O00756,C0139,01/10/2024,268.67,delivered
O01102,C0254,2024-04-16,$641.03,delivered
O00610,C0124,06-Feb-2023,215.96,shipped
O00742,C0183,12-Jul-2023,$248.04,shipped
O00985,C0262,2023-05-30,543.22,DELIVERED
O00907,C0095,2024-09-10,763.77,Shipped
O00340,C0281,06/07/2023,$250.14,Shipped
O00183,C0019,2024-03-08,$227.85,DELIVERED
O00494,C0224,22-Sep-2024,237.39,Cancelled
O00320,C0129,2023-09-10,$276.63,DELIVERED
O00782,C0246,05/26/2023,279.75,delivered
O00097,C0275,12/21/2024,$258.03,delivered
O00667,C0266,06/17/2024,185.95,Delivered
O00928,C0126,2023-04-15,217.46,Delivered
O00056,C0083,10-Sep-2024,555.14,Delivered
O00351,C0197,17-Jan-2024,410.63,delivered
O00837,C0020,27-Jan-2024,517.26,DELIVERED
O00941,C0108,08-Jan-2023,$283.47,Cancelled
O00772,C0088,02/03/2024,314.66,delivered
O00040,C0115,14-Mar-2024,196.00,DELIVERED
O00523,C0205,06-Apr-2023,$598.56,SHIPPED
O01165,C0275,12/03/2023,$87.63,Delivered
O01117,C0265,03/10/2024,282.24,DELIVERED
O00305,C0025,27-Oct-2024,453.65,Delivered
O00216,C0248,2024-07-02,340.55,Delivered
O00826,C0121,07/09/2023,$85.95,DELIVERED
O00299,C0236,2023-01-02,$466.14,Shipped
O00372,C0233,09-Jan-2024,$346.34,cancelled
O00539,C0107,2023-02-01,$200.39,delivered
O01067,C0076,2023-12-16,$234.27,SHIPPED
O00697,C0178,30-Apr-2023,$632.70,Delivered
O00238,C0224,22-Mar-2023,330.63,Shipped
O00377,C0180,21-Jan-2024,$103.47,delivered
O00089,C0031,07/15/2023,$190.31,Delivered
O00524,C0226,2023-09-10,$706.69,delivered
O00530,C0147,24-Sep-2023,622.60,delivered
O00111,C0142,02/26/2024,474.45,SHIPPED
O01101,C0280,29-Apr-2023,242.79,delivered
O00269,C0108,13-Jan-2023,$596.29,delivered
O00039,C0282,10/09/2024,213.05,delivered
O00153,C0147,2023-05-15,$555.19,delivered
O00080,C0218,2023-10-14,216.12,shipped
O00430,C0037,07/09/2023,$189.15,Delivered
O00242,C0077,14-Sep-2024,$185.38,shipped
O01076,C0203,12/02/2024,475.10,DELIVERED
O00845,C0076,2024-10-26,$402.14,DELIVERED
O00390,C0020,07-Jan-2024,503.51,Shipped
O00346,C0068,18-Jul-2024,$571.77,Delivered
O01052,C0027,2023-12-30,$218.91,cancelled
O00175,C0014,20-Mar-2023,364.84,Shipped
O01147,C0231,2023-05-22,$102.27,SHIPPED
O00507,C0167,09/09/2023,$489.78,DELIVERED
O01056,C0035,09/20/2024,$829.93,Delivered
O00025,C0213,23-Nov-2024,$172.27,Cancelled
O00162,c0262,2023-11-15,653.12,DELIVERED
O01050,C0116,03/29/2023,$509.33,shipped
O00695,C0252,20-Jun-2024,$298.39,delivered
O00586,c0119,28-Feb-2024,396.06,delivered
O00120,C0262,11/10/2023,,Delivered
O00059,C0019,06/13/2024,234.43,delivered
O00263,c0255,11/15/2023,270.60,shipped
O01132,c0011,2023-09-01,272.21,DELIVERED
O00571,C0165,05/12/2024,$639.76,SHIPPED
O01028,C0283,02/24/2023,$191.53,Delivered
O00169,C0165,09/26/2024,$416.34,Shipped
O00082,C0190,21-Jun-2023,$420.49,delivered
O01017,C0163,29-Oct-2023,$144.81,DELIVERED
O00777,C0200,20-Jun-2024,$435.41,Shipped
O00739,C0092,2023-03-21,$131.99,delivered
O00911,C0191,06-Jul-2024,$463.04,DELIVERED
O01140,C0010,14-Dec-2023,237.86,Delivered
O01094,C0106,2024-03-06,158.68,Delivered
O00222,C0095,2023-07-17,288.62,DELIVERED
O00077,C0114,08-Jul-2024,$470.44,Shipped
O01161,c0238,12-Dec-2024,$154.39,DELIVERED
O00411,C0083,2024-02-07,$392.97,Canceled
O00865,C0092,18-Oct-2023,244.89,Delivered
O00785,c0191,17-Jun-2023,$131.11,DELIVERED
O00114,C0117,01/22/2023,354.34,Delivered
O01041,C0219,2024-09-13,$135.10,delivered
O00436,C0294,06/04/2024,,Cancelled
O00084,C0126,2024-12-26,$239.07,delivered
O00093,c0075,2024-09-28,$538.38,Delivered
O00302,C0174,18-Aug-2024,346.58,Delivered
O00020,C0197,2023-10-31,$303.15,DELIVERED
O00559,C0081,01/08/2024,$162.78,SHIPPED
O00186,C0057,2024-10-06,$334.56,Delivered
O00228,C0065,2024-01-27,358.76,Delivered
O00210,C0080,2023-08-26,N/A,DELIVERED
O00334,C0226,01/18/2024,$165.95,SHIPPED
O00608,C0072,05-May-2024,653.86,delivered
O00528,C0108,11/30/2023,$527.57,DELIVERED
O00232,c0143,20-Apr-2023,556.23,SHIPPED
O00912,c0277,06-Oct-2024,$431.46,delivered
O00509,C0105,12/14/2024,$349.05,SHIPPED
O00315,C0120,2023-05-24,$430.29,delivered
O00791,C0001,06/04/2024,$430.17,Delivered
O01122,C0141,2023-11-29,101.87,Shipped
O00552,C0244,03/10/2023,403.38,shipped
O00672,c0081,2023-12-01,$313.25,shipped
O01080,C0143,06/23/2024,$359.48,Delivered
O00341,C0136,20-Feb-2024,$232.80,delivered
O00308,C0166,2023-04-01,$485.94,SHIPPED
O00923,C0185,2023-06-03,$441.58,SHIPPED
O00018,C0036,2024-04-24,$320.57,Delivered
O00068,c0221,08/28/2024,$128.77,DELIVERED
O01072,C0223,20-Apr-2024,228.79,delivered
O01052,C0027,2023-12-30,$218.91,cancelled
O00722,C0034,13-Mar-2023,279.42,DELIVERED
O00113,C0103,2023-03-11,447.61,SHIPPED
O00726,c0025,06/23/2023,188.38,Delivered
O00517,C0108,02/27/2023,181.15,Shipped
O01185,c0265,01-Dec-2024,210.34,delivered
O00416,C9003,06/28/2023,1097.62,Delivered
O00264,c0160,11/19/2024,490.36,delivered
O01128,C0144,07/28/2024,204.99,Delivered
O00847,C0117,02/20/2023,$464.63,DELIVERED
O00292,C0186,2023-07-02,$181.73,Canceled
O00252,C0179,24-Sep-2023,261.72,CANCELLED
O00606,c0038,2023-02-18,$315.97,DELIVERED
O01026,C0095,25-Jan-2024,$302.61,delivered
O00381,C0103,06/16/2023,524.46,delivered
O01070,C0212,05/29/2023,354.90,DELIVERED
O00968,C0113,01-Jun-2024,$767.21,DELIVERED
O00368,C0066,10/25/2023,$535.46,delivered
O00403,C0066,09/04/2024,$316.20,SHIPPED
O00679,C0191,07/11/2024,$322.00,SHIPPED
O01104,C0084,08/04/2024,459.23,DELIVERED
O01027,C0290,06/23/2023,155.35,delivered
O00900,C0294,12/15/2023,$400.24,Cancelled
O00536,C0042,2024-10-02,$130.01,Shipped
O00952,C0276,18-Oct-2023,145.73,Delivered
O00980,C0195,2023-06-25,$752.19,DELIVERED
O00497,c0174,2023-08-23,$137.09,DELIVERED
O01118,C9006,12/08/2024,520.65,SHIPPED
O00460,C0113,2024-09-14,$296.60,delivered
O00212,C0066,03/07/2023,$106.31,SHIPPED
O00938,C0231,2024-07-26,$441.31,SHIPPED
O00174,C0107,09-Oct-2024,$124.16,Delivered
O00193,C0242,2024-09-18,$203.28,DELIVERED
O00143,C0097,07/02/2024,360.68,DELIVERED
O00230,C0274,2024-11-30,$237.27,DELIVERED
O00570,C0174,05/13/2023,,delivered
O00759,C0251,01/13/2023,$585.27,Delivered
O00598,c0143,03-Jul-2024,$419.71,DELIVERED
O00762,C0236,20-May-2023,$143.45,delivered
O00155,C0288,11/23/2023,$167.89,DELIVERED
O00885,C0212,12/10/2023,$169.71,Cancelled
O01019,C0244,24-Feb-2024,407.67,Shipped
O00075,C0004,2023-02-25,321.43,DELIVERED
O00809,c0065,18-Feb-2024,$386.75,delivered
O00415,c0031,02/09/2024,380.14,delivered
O00931,C0125,2023-07-22,495.66,Delivered
O00641,c0142,15-Oct-2023,$178.27,Delivered
O00234,C0165,08/10/2023,$277.75,delivered
O00021,C0016,11/06/2023,$754.09,delivered
O01136,C0269,26-Mar-2023,253.41,delivered
O00030,C0246,10/08/2023,451.00,Delivered
O00804,C0136,01/17/2023,87.65,DELIVERED
O00883,C0012,10/12/2023,$493.59,Shipped
O01055,C0282,2023-10-29,581.56,Delivered
O00291,C9004,23-Jul-2024,587.69,delivered
O00915,C0074,06-Jun-2023,540.53,DELIVERED
O00115,C0062,2023-10-06,798.08,CANCELLED
O00466,c0060,01/15/2024,$291.92,Shipped
O00890,c0131,10-Mar-2023,"1,059.88",DELIVERED
O00168,C0189,12/18/2023,256.60,SHIPPED
O00408,C0086,2024-12-12,$273.26,delivered
O00321,C0226,2023-09-07,$369.26,Shipped
O01183,C0111,05/12/2024,$212.32,Delivered
O00898,C0233,09/30/2023,226.72,DELIVERED
O00705,C0089,25-Nov-2024,208.76,delivered
O00921,C0116,26-Sep-2024,$704.19,delivered
O00567,C0283,2023-10-11,285.89,DELIVERED
O00599,C0234,21-Aug-2024,506.82,Delivered
O00258,C0255,2024-04-24,,delivered
O00256,C0292,20-Oct-2023,169.24,Delivered
O00728,C0103,07/20/2024,$551.49,Cancelled
O00706,C0246,03-Jan-2023,505.79,SHIPPED
O00988,C0242,12/24/2024,"1,077.92",DELIVERED
O00498,C0283,12/04/2024,$625.52,DELIVERED
O00899,C0282,02-Jan-2023,$94.06,cancelled
O00131,C0156,04-Jul-2024,643.70,DELIVERED
O00223,C0210,2023-12-25,$333.58,delivered
O00101,C0149,2024-11-19,N/A,cancelled
O00172,c0175,03-Dec-2024,$569.64,DELIVERED
O00492,C0105,2024-11-26,414.98,shipped
O01149,C0165,28-Jun-2024,$546.10,Canceled
O00111,C0142,02/26/2024,474.45,SHIPPED
O01021,c0140,10-Jan-2023,$327.97,DELIVERED
O00713,C0163,04/07/2024,762.43,DELIVERED
O00828,C0132,06-Dec-2024,$318.83,DELIVERED
O01020,C0288,11/01/2023,477.64,DELIVERED
O00961,c0291,2023-11-10,$402.81,Delivered
O00660,C0059,2023-04-02,$173.19,shipped
O00271,C0052,2023-02-15,$212.34,Delivered
O00064,C0229,02/03/2024,396.88,delivered
O00394,C0026,13-Jun-2024,90.11,SHIPPED
O01095,C0066,24-May-2024,$475.07,DELIVERED
O00893,C0295,2023-03-26,68.83,delivered
O00544,C0042,2023-01-19,$371.14,delivered
O00779,C0007,04/05/2023,$729.92,delivered
O00170,C0225,18-Mar-2023,203.31,DELIVERED
O00037,C0061,2023-12-02,486.31,DELIVERED
O00244,C0133,30-Sep-2024,$293.93,DELIVERED
O00083,C0019,08/06/2024,112.63,Delivered
O00946,C0192,19-Nov-2024,220.98,Delivered
O00861,C0181,05/01/2023,$280.93,DELIVERED
O00373,C0164,12/29/2024,386.85,Canceled
O01047,C0217,26-Jul-2024,$182.17,shipped
O00752,C0102,22-Jul-2024,426.57,delivered
O00508,C0104,17-Jun-2024,332.97,delivered
O01038,c0064,21-Sep-2023,93.67,delivered
O00585,C0091,11/13/2023,521.22,DELIVERED
O00512,C0223,09/03/2023,329.50,Delivered
O00178,C0224,11-Dec-2024,390.46,Canceled
O00277,c0026,02/24/2024,297.82,DELIVERED
O00880,C0021,24-Sep-2023,474.57,Delivered
O00548,c0240,2023-01-16,203.74,SHIPPED
O00720,C0213,17-Nov-2023,$355.87,delivered
O00477,C0011,2024-05-27,$431.63,delivered
O00226,C0196,2024-10-08,394.37,DELIVERED
O00633,C0233,2024-09-28,$194.38,delivered
O00217,C0271,31-Oct-2023,108.43,Delivered
O01054,C0287,01/26/2024,284.76,Delivered
O00838,C0008,17-Jul-2023,59.84,delivered
O00181,C0070,2023-08-30,675.51,Shipped
O00919,c0164,30-Jun-2023,$508.45,Delivered
O00746,C0095,03/11/2023,$390.62,delivered
O00902,C0112,11-Oct-2024,$689.95,delivered
O01171,C0048,25-Jul-2024,$464.15,delivered
O00678,C0263,24-Feb-2024,509.71,Delivered
O00639,C0029,16-May-2023,"1,141.51",Delivered
O00045,c0253,27-May-2023,$113.94,Delivered
O00265,C0149,05/29/2024,$349.93,shipped
O01089,C0238,2024-02-29,216.10,delivered
O01187,C0293,2023-05-06,$312.77,delivered
O01200,C0126,23-Apr-2024,412.72,shipped
O00897,C0142,04/22/2023,$371.00,Delivered
O00851,C0291,25-Oct-2023,N/A,SHIPPED
O00095,C0032,09/12/2024,176.83,Cancelled
O00176,C0235,02/29/2024,$94.64,Cancelled
O00399,C0160,06-Mar-2024,$433.00,DELIVERED
O00333,C0240,12-Nov-2023,433.26,DELIVERED
O01057,C0180,2024-03-03,$318.02,DELIVERED
O00032,C0036,12/26/2024,207.79,delivered
O00745,C0024,09/05/2023,447.86,Delivered
O00375,c0044,08/07/2023,293.70,delivered
O00409,C0086,2023-11-26,350.95,delivered
O00686,C0086,2024-12-08,497.70,Shipped
O00419,C0024,07-Aug-2023,$309.86,Delivered
O00145,C0230,09-Jul-2023,$876.12,Shipped
O00266,C0130,08/23/2024,502.01,delivered
O00987,C0265,07-Aug-2023,286.90,Delivered
O00015,C0107,04/28/2023,151.65,Delivered
O01119,C0162,13-Jan-2023,146.70,delivered
O00529,C0272,2024-07-10,$805.59,DELIVERED
O00392,C0270,2024-01-14,229.97,delivered
O00854,C0127,18-Dec-2023,N/A,delivered
O00730,C0244,07-Aug-2024,137.65,delivered
O00802,C0298,2024-08-21,331.66,DELIVERED
O00079,C0151,2024-06-23,105.53,shipped
O00604,C0177,2023-12-08,362.09,DELIVERED
O00388,C0062,17-Aug-2023,$403.60,delivered
O00184,C0259,08/16/2023,218.74,delivered
O00836,C0086,09/30/2023,119.79,delivered
O00191,C0239,04-Mar-2024,$462.83,delivered
O00365,C0297,2023-12-28,489.57,DELIVERED
O00869,C0300,2024-07-29,$79.74,shipped
O01160,C0189,03/26/2024,351.57,Delivered
O00246,C0075,04/13/2024,$370.28,delivered
O00882,c0175,27-Nov-2023,$620.81,Cancelled
O00275,C0083,2023-10-17,$445.69,Shipped
O00148,C0300,2023-05-03,194.28,Delivered
O01130,C0219,2023-10-20,271.73,Delivered
O00295,C0048,17-Dec-2024,$388.19,SHIPPED
O00325,C0297,11/22/2023,133.51,delivered
O00771,C0076,26-Feb-2023,333.87,CANCELLED
O00800,C0209,2024-05-22,$229.23,delivered
O00540,C0268,19-Jan-2024,230.47,Shipped
O00677,C0093,06/07/2024,838.45,Canceled
O01135,C0028,07/04/2024,541.56,delivered
O00901,C0152,2024-07-12,$266.19,DELIVERED
O00769,C0002,2023-10-14,$482.75,SHIPPED
O00006,C0096,10/26/2023,"$1,135.92",shipped
O00975,C0232,12-Jan-2023,499.29,DELIVERED
O01169,C0285,13-Jul-2024,$508.62,Delivered
O00104,C0187,2023-06-23,277.13,delivered
O00211,C0142,2023-03-29,310.44,CANCELLED
O00042,C0178,06/18/2023,647.40,DELIVERED
O00378,C0105,2023-07-31,447.94,delivered
O00147,C0111,2024-08-26,338.48,Delivered
O01111,C0145,07-Mar-2023,$465.99,Delivered
O01090,C0024,24-Oct-2023,$340.22,Shipped
O00206,C0053,07/03/2023,339.80,shipped
O01069,c0176,04-Jul-2024,895.37,delivered
O00028,C0235,2023-10-26,$303.21,cancelled
O01105,C0026,08/22/2024,264.08,Shipped
O01138,C0143,02/10/2024,$209.99,delivered
O00205,C0149,17-Sep-2023,150.45,Delivered
O00671,C0256,19-Mar-2023,452.71,DELIVERED
O00625,C0105,12/11/2024,$382.10,delivered
O00412,C0122,23-Feb-2024,$343.30,DELIVERED
O00741,c0015,04/25/2023,$480.75,SHIPPED
O01033,C0269,07/10/2024,135.26,Delivered
O00074,C0297,2024-06-09,$279.05,Canceled
O01143,C0127,2023-03-27,367.15,delivered
O00999,C0233,2023-09-13,$194.36,Shipped
O00207,C0116,03/28/2023,$404.53,delivered
O00868,C0079,06-Feb-2024,$329.24,DELIVERED
