session_id,timestamp,user_id,device_type,cart_addition
SESS_10000,2026-01-01 00:38:00,USR_22081,Desktop,0
SESS_10001,2026-01-01 01:06:00,USR_23419,Desktop,1
SESS_10002,2026-01-01 00:58:00,USR_21574,Mobile,0
SESS_10003,2026-01-01 00:59:00,USR_20249,Mobile,0
SESS_10004,2026-01-01 01:42:00,USR_20673,Mobile,0
SESS_10005,2026-01-01 01:22:00,USR_24533,Mobile,0
SESS_10006,2026-01-01 01:50:00,USR_22165,Mobile,0
SESS_10007,2026-01-01 02:23:00,USR_20770,Mobile,0
SESS_10008,2026-01-01 02:57:00,USR_23962,Desktop,0
SESS_10009,2026-01-01 02:33:00,USR_24363,Mobile,0
SESS_10010,2026-01-01 02:52:00,USR_21984,Desktop,0
SESS_10011,2026-01-01 02:55:00,USR_21077,Desktop,0
SESS_10012,2026-01-01 03:10:00,USR_20235,Tablet,1
SESS_10013,2026-01-01 03:38:00,USR_20388,Mobile,0
SESS_10014,2026-01-01 04:22:00,USR_23037,Mobile,0
SESS_10015,2026-01-01 04:20:00,USR_24858,Mobile,0
SESS_10016,2026-01-01 04:39:00,USR_21848,Mobile,0
SESS_10017,2026-01-01 04:38:00,USR_24719,Desktop,0
SESS_10018,2026-01-01 04:32:00,USR_22814,Mobile,0
SESS_10019,2026-01-01 05:06:00,USR_23374,Desktop,1
SESS_10020,2026-01-01 05:52:00,USR_23278,Mobile,0
SESS_10021,2026-01-01 05:16:00,USR_21252,Desktop,0
SESS_10022,2026-01-01 05:53:00,USR_23981,Desktop,0
SESS_10023,2026-01-01 06:28:00,USR_24673,Mobile,0
SESS_10024,2026-01-01 06:29:00,USR_22122,Mobile,0
SESS_10025,2026-01-01 06:52:00,USR_24530,Mobile,0
SESS_10026,2026-01-01 06:31:00,USR_22150,Mobile,1
SESS_10027,2026-01-01 07:44:00,USR_24859,Mobile,0
SESS_10028,2026-01-01 07:20:00,USR_21329,Mobile,0
SESS_10029,2026-01-01 07:47:00,USR_21358,Mobile,0
SESS_10030,2026-01-01 07:41:00,USR_22482,Mobile,1
SESS_10031,2026-01-01 08:42:00,USR_24542,Mobile,0
SESS_10032,2026-01-01 08:21:00,USR_22017,Desktop,0
SESS_10033,2026-01-01 08:58:00,USR_21331,Mobile,0
SESS_10034,2026-01-01 08:54:00,USR_24344,Desktop,0
SESS_10035,2026-01-01 09:33:00,USR_24261,Mobile,0
SESS_10036,2026-01-01 09:26:00,USR_21358,Mobile,0
SESS_10037,2026-01-01 10:13:00,USR_24637,Desktop,0
SESS_10038,2026-01-01 10:11:00,USR_24854,Mobile,1
SESS_10039,2026-01-01 10:12:00,USR_23177,Mobile,0
SESS_10040,2026-01-01 10:59:00,USR_22128,Mobile,0
SESS_10041,2026-01-01 10:30:00,USR_22180,Mobile,0
SESS_10042,2026-01-01 10:44:00,USR_24892,Mobile,0
SESS_10043,2026-01-01 11:31:00,USR_20137,Mobile,0
SESS_10044,2026-01-01 11:50:00,USR_23472,Desktop,0
SESS_10045,2026-01-01 11:58:00,USR_22832,Mobile,0
SESS_10046,2026-01-01 12:24:00,USR_23579,Mobile,0
SESS_10047,2026-01-01 12:36:00,USR_23031,Mobile,0
SESS_10048,2026-01-01 12:56:00,USR_24164,Desktop,0
SESS_10049,2026-01-01 12:17:00,USR_22593,Mobile,1
SESS_10050,2026-01-01 13:06:00,USR_24300,Mobile,0
SESS_10051,2026-01-01 13:35:00,USR_23818,Mobile,0
SESS_10052,2026-01-01 13:06:00,USR_24138,Tablet,0
SESS_10053,2026-01-01 13:35:00,USR_23823,Mobile,0
SESS_10054,2026-01-01 13:38:00,USR_24042,Mobile,0
SESS_10055,2026-01-01 14:23:00,USR_21906,Mobile,0
SESS_10056,2026-01-01 14:17:00,USR_20760,Desktop,0
SESS_10057,2026-01-01 14:18:00,USR_23445,Mobile,0
SESS_10058,2026-01-01 14:54:00,USR_20899,Mobile,0
SESS_10059,2026-01-01 15:44:00,USR_24455,Desktop,0
SESS_10060,2026-01-01 15:13:00,USR_22947,Desktop,0
SESS_10061,2026-01-01 16:04:00,USR_21719,Mobile,0
SESS_10062,2026-01-01 16:27:00,USR_20280,Desktop,0
SESS_10063,2026-01-01 15:53:00,USR_23266,Mobile,0
SESS_10064,2026-01-01 16:25:00,USR_21887,Mobile,0
SESS_10065,2026-01-01 17:07:00,USR_23266,Mobile,1
SESS_10066,2026-01-01 16:31:00,USR_20666,Tablet,0
SESS_10067,2026-01-01 17:04:00,USR_24188,Mobile,1
SESS_10068,2026-01-01 17:27:00,USR_20671,Mobile,0
SESS_10069,2026-01-01 18:01:00,USR_21969,Mobile,0
SESS_10070,2026-01-01 18:29:00,USR_24156,Desktop,0
SESS_10071,2026-01-01 17:51:00,USR_23122,Mobile,0
SESS_10072,2026-01-01 18:43:00,USR_24699,Mobile,1
SESS_10073,2026-01-01 18:22:00,USR_24777,Mobile,0
SESS_10074,2026-01-01 19:16:00,USR_23900,Mobile,0
SESS_10075,2026-01-01 19:19:00,USR_20523,Mobile,0
SESS_10076,2026-01-01 19:13:00,USR_22393,Desktop,0
SESS_10077,2026-01-01 19:31:00,USR_23117,Mobile,0
SESS_10078,2026-01-01 20:05:00,USR_22593,Mobile,0
SESS_10079,2026-01-01 20:34:00,USR_21968,Desktop,0
SESS_10080,2026-01-01 20:39:00,USR_21753,Mobile,0
SESS_10081,2026-01-01 20:18:00,USR_22296,Mobile,0
SESS_10082,2026-01-01 20:31:00,USR_22261,Tablet,0
SESS_10083,2026-01-01 20:50:00,USR_22286,Mobile,0
SESS_10084,2026-01-01 21:53:00,USR_24202,Mobile,1
SESS_10085,2026-01-01 21:56:00,USR_22878,Mobile,0
SESS_10086,2026-01-01 21:33:00,USR_24143,Mobile,0
SESS_10087,2026-01-01 22:38:00,USR_23644,Mobile,0
SESS_10088,2026-01-01 22:28:00,USR_24432,Mobile,0
SESS_10089,2026-01-01 22:32:00,USR_22055,Mobile,0
SESS_10090,2026-01-01 22:55:00,USR_24720,Mobile,1
SESS_10091,2026-01-01 23:28:00,USR_21276,Tablet,0
SESS_10092,2026-01-01 23:33:00,USR_22766,Desktop,1
SESS_10093,2026-01-01 23:24:00,USR_20302,Mobile,0
SESS_10094,2026-01-02 00:05:00,USR_20638,Mobile,0
SESS_10095,2026-01-01 23:58:00,USR_20055,Desktop,0
SESS_10096,2026-01-02 00:30:00,USR_24821,Mobile,0
SESS_10097,2026-01-02 01:02:00,USR_20525,Mobile,0
SESS_10098,2026-01-02 00:44:00,USR_24569,Tablet,0
SESS_10099,2026-01-02 00:52:00,USR_24123,Mobile,0
SESS_10100,2026-01-02 01:13:00,USR_22125,Desktop,0
SESS_10101,2026-01-02 01:37:00,USR_23287,Tablet,0
SESS_10102,2026-01-02 02:29:00,USR_20364,Mobile,0
SESS_10103,2026-01-02 02:41:00,USR_24621,Mobile,0
SESS_10104,2026-01-02 02:39:00,USR_24978,Mobile,0
SESS_10105,2026-01-02 02:35:00,USR_21646,Desktop,0
SESS_10106,2026-01-02 02:45:00,USR_20918,Desktop,0
SESS_10107,2026-01-02 03:29:00,USR_22797,Desktop,0
SESS_10108,2026-01-02 03:17:00,USR_21531,Mobile,0
SESS_10109,2026-01-02 04:01:00,USR_23345,Desktop,1
SESS_10110,2026-01-02 04:22:00,USR_21906,Tablet,0
SESS_10111,2026-01-02 04:08:00,USR_23086,Desktop,0
SESS_10112,2026-01-02 04:25:00,USR_24580,Tablet,0
SESS_10113,2026-01-02 04:39:00,USR_22075,Desktop,0
SESS_10114,2026-01-02 05:29:00,USR_20713,Desktop,0
SESS_10115,2026-01-02 05:44:00,USR_21062,Mobile,0
SESS_10116,2026-01-02 05:59:00,USR_21976,Mobile,0
SESS_10117,2026-01-02 05:59:00,USR_21296,Mobile,0
SESS_10118,2026-01-02 06:10:00,USR_20125,Desktop,0
SESS_10119,2026-01-02 06:13:00,USR_24632,Mobile,0
SESS_10120,2026-01-02 06:14:00,USR_23596,Desktop,0
SESS_10121,2026-01-02 06:59:00,USR_23283,Tablet,1
SESS_10122,2026-01-02 06:30:00,USR_21603,Desktop,0
SESS_10123,2026-01-02 07:09:00,USR_20066,Mobile,1
SESS_10124,2026-01-02 07:06:00,USR_20232,Mobile,0
SESS_10125,2026-01-02 07:23:00,USR_22156,Mobile,0
SESS_10126,2026-01-02 07:53:00,USR_21169,Desktop,0
SESS_10127,2026-01-02 07:45:00,USR_22158,Desktop,0
SESS_10128,2026-01-02 08:43:00,USR_24206,Tablet,0
SESS_10129,2026-01-02 08:22:00,USR_21493,Mobile,0
SESS_10130,2026-01-02 08:53:00,USR_24718,Tablet,0
SESS_10131,2026-01-02 08:55:00,USR_24007,Desktop,0
SESS_10132,2026-01-02 09:50:00,USR_22472,Mobile,0
SESS_10133,2026-01-02 09:31:00,USR_22660,Desktop,0
SESS_10134,2026-01-02 09:37:00,USR_22739,Mobile,0
SESS_10135,2026-01-02 10:19:00,USR_21761,Mobile,0
SESS_10136,2026-01-02 10:34:00,USR_23514,Desktop,1
SESS_10137,2026-01-02 10:47:00,USR_21975,Mobile,1
SESS_10138,2026-01-02 11:28:00,USR_22362,Desktop,0
SESS_10139,2026-01-02 10:49:00,USR_20876,Desktop,0
SESS_10140,2026-01-02 11:41:00,USR_23812,Mobile,0
SESS_10141,2026-01-02 11:53:00,USR_23448,Mobile,0
SESS_10142,2026-01-02 12:27:00,USR_21312,Mobile,0
SESS_10143,2026-01-02 12:25:00,USR_21460,Mobile,0
SESS_10144,2026-01-02 12:27:00,USR_22709,Mobile,0
SESS_10145,2026-01-02 12:21:00,USR_22324,Mobile,0
SESS_10146,2026-01-02 12:38:00,USR_21733,Mobile,0
SESS_10147,2026-01-02 12:52:00,USR_21605,Mobile,0
SESS_10148,2026-01-02 13:11:00,USR_22563,Mobile,1
SESS_10149,2026-01-02 13:48:00,USR_23421,Desktop,0
SESS_10150,2026-01-02 14:02:00,USR_23517,Desktop,0
SESS_10151,2026-01-02 14:32:00,USR_22397,Mobile,1
SESS_10152,2026-01-02 14:54:00,USR_23735,Mobile,0
SESS_10153,2026-01-02 14:37:00,USR_22870,Tablet,0
SESS_10154,2026-01-02 14:53:00,USR_21160,Desktop,0
SESS_10155,2026-01-02 15:21:00,USR_24854,Tablet,0
SESS_10156,2026-01-02 15:34:00,USR_20242,Desktop,0
SESS_10157,2026-01-02 15:58:00,USR_22590,Mobile,0
SESS_10158,2026-01-02 16:09:00,USR_21063,Mobile,1
SESS_10159,2026-01-02 16:06:00,USR_24324,Mobile,0
SESS_10160,2026-01-02 16:26:00,USR_22595,Mobile,0
SESS_10161,2026-01-02 16:49:00,USR_20919,Mobile,0
SESS_10162,2026-01-02 16:30:00,USR_20005,Mobile,0
SESS_10163,2026-01-02 17:19:00,USR_20467,Mobile,0
SESS_10164,2026-01-02 17:36:00,USR_24170,Desktop,0
SESS_10165,2026-01-02 18:01:00,USR_20003,Desktop,0
SESS_10166,2026-01-02 17:43:00,USR_20645,Mobile,0
SESS_10167,2026-01-02 17:47:00,USR_20117,Desktop,1
SESS_10168,2026-01-02 18:00:00,USR_22928,Mobile,0
SESS_10169,2026-01-02 18:19:00,USR_22551,Desktop,0
SESS_10170,2026-01-02 18:55:00,USR_24289,Mobile,0
SESS_10171,2026-01-02 19:39:00,USR_20846,Tablet,1
SESS_10172,2026-01-02 19:13:00,USR_22762,Desktop,0
SESS_10173,2026-01-02 19:53:00,USR_21141,Mobile,1
SESS_10174,2026-01-02 19:56:00,USR_21810,Mobile,0
SESS_10175,2026-01-02 19:53:00,USR_20723,Mobile,0
SESS_10176,2026-01-02 20:14:00,USR_20224,Mobile,0
SESS_10177,2026-01-02 20:29:00,USR_24627,Mobile,0
SESS_10178,2026-01-02 20:55:00,USR_24208,Desktop,0
SESS_10179,2026-01-02 21:26:00,USR_24654,Mobile,0
SESS_10180,2026-01-02 21:59:00,USR_22048,Desktop,0
SESS_10181,2026-01-02 21:27:00,USR_24749,Tablet,0
SESS_10182,2026-01-02 22:20:00,USR_24415,Mobile,1
SESS_10183,2026-01-02 22:16:00,USR_21573,Mobile,0
SESS_10184,2026-01-02 22:38:00,USR_21828,Mobile,1
SESS_10185,2026-01-02 23:03:00,USR_21917,Desktop,0
SESS_10186,2026-01-02 23:21:00,USR_24234,Mobile,0
SESS_10187,2026-01-02 23:16:00,USR_22026,Tablet,0
SESS_10188,2026-01-02 23:03:00,USR_23744,Desktop,0
SESS_10189,2026-01-02 23:44:00,USR_20901,Mobile,0
SESS_10190,2026-01-03 00:06:00,USR_24785,Mobile,0
SESS_10191,2026-01-03 00:07:00,USR_22039,Desktop,0
SESS_10192,2026-01-03 00:38:00,USR_20009,Desktop,1
SESS_10193,2026-01-03 00:59:00,USR_20260,Mobile,0
SESS_10194,2026-01-03 00:44:00,USR_21673,Mobile,0
SESS_10195,2026-01-03 01:27:00,USR_22219,Desktop,1
SESS_10196,2026-01-03 01:28:00,USR_22060,Mobile,0
SESS_10197,2026-01-03 01:50:00,USR_23713,Tablet,0
SESS_10198,2026-01-03 01:42:00,USR_21619,Mobile,0
SESS_10199,2026-01-03 02:16:00,USR_20320,Mobile,0
SESS_10200,2026-01-03 02:06:00,USR_21342,Desktop,0
SESS_10201,2026-01-03 03:13:00,USR_22376,Mobile,0
SESS_10202,2026-01-03 03:20:00,USR_22832,Mobile,0
SESS_10203,2026-01-03 03:06:00,USR_22824,Mobile,0
SESS_10204,2026-01-03 03:27:00,USR_21994,Mobile,0
SESS_10205,2026-01-03 03:16:00,USR_22958,Desktop,0
SESS_10206,2026-01-03 04:11:00,USR_22038,Mobile,0
SESS_10207,2026-01-03 04:29:00,USR_23490,Mobile,0
SESS_10208,2026-01-03 04:56:00,USR_23677,Desktop,0
SESS_10209,2026-01-03 05:07:00,USR_21118,Desktop,0
SESS_10210,2026-01-03 04:35:00,USR_21604,Mobile,1
SESS_10211,2026-01-03 05:12:00,USR_24027,Mobile,0
SESS_10212,2026-01-03 05:27:00,USR_20235,Tablet,0
SESS_10213,2026-01-03 05:58:00,USR_21969,Desktop,0
SESS_10214,2026-01-03 06:13:00,USR_24429,Mobile,0
SESS_10215,2026-01-03 06:04:00,USR_21908,Mobile,0
SESS_10216,2026-01-03 06:29:00,USR_20375,Mobile,0
SESS_10217,2026-01-03 06:25:00,USR_23530,Desktop,0
SESS_10218,2026-01-03 07:27:00,USR_22635,Desktop,0
SESS_10219,2026-01-03 07:39:00,USR_21570,Desktop,0
SESS_10220,2026-01-03 07:27:00,USR_22560,Desktop,1
SESS_10221,2026-01-03 07:39:00,USR_23391,Desktop,0
SESS_10222,2026-01-03 08:08:00,USR_22965,Mobile,0
SESS_10223,2026-01-03 08:17:00,USR_23643,Mobile,0
SESS_10224,2026-01-03 08:00:00,USR_23850,Mobile,0
SESS_10225,2026-01-03 09:11:00,USR_20872,Mobile,0
SESS_10226,2026-01-03 08:56:00,USR_21252,Desktop,0
SESS_10227,2026-01-03 09:41:00,USR_21314,Mobile,0
SESS_10228,2026-01-03 09:51:00,USR_24820,Mobile,0
SESS_10229,2026-01-03 09:27:00,USR_22898,Mobile,0
SESS_10230,2026-01-03 10:10:00,USR_20077,Mobile,0
SESS_10231,2026-01-03 09:47:00,USR_22621,Mobile,0
SESS_10232,2026-01-03 10:38:00,USR_24227,Mobile,0
SESS_10233,2026-01-03 10:20:00,USR_20600,Desktop,0
SESS_10234,2026-01-03 10:37:00,USR_21065,Mobile,0
SESS_10235,2026-01-03 11:11:00,USR_22136,Desktop,0
SESS_10236,2026-01-03 11:08:00,USR_22449,Mobile,1
SESS_10237,2026-01-03 11:51:00,USR_22343,Mobile,0
SESS_10238,2026-01-03 12:02:00,USR_21863,Mobile,0
SESS_10239,2026-01-03 12:35:00,USR_21318,Mobile,0
SESS_10240,2026-01-03 12:41:00,USR_24711,Desktop,0
SESS_10241,2026-01-03 12:58:00,USR_23597,Mobile,0
SESS_10242,2026-01-03 12:53:00,USR_23762,Mobile,0
SESS_10243,2026-01-03 12:59:00,USR_24670,Desktop,0
SESS_10244,2026-01-03 13:58:00,USR_22190,Mobile,0
SESS_10245,2026-01-03 14:08:00,USR_20992,Mobile,0
SESS_10246,2026-01-03 14:01:00,USR_22712,Desktop,0
SESS_10247,2026-01-03 14:16:00,USR_22192,Desktop,0
SESS_10248,2026-01-03 14:23:00,USR_21248,Mobile,1
SESS_10249,2026-01-03 14:55:00,USR_23054,Tablet,0
SESS_10250,2026-01-03 15:21:00,USR_24598,Desktop,0
SESS_10251,2026-01-03 15:33:00,USR_24033,Mobile,0
SESS_10252,2026-01-03 15:48:00,USR_21997,Desktop,1
SESS_10253,2026-01-03 16:12:00,USR_24916,Mobile,0
SESS_10254,2026-01-03 16:21:00,USR_23687,Mobile,0
SESS_10255,2026-01-03 15:56:00,USR_22151,Mobile,0
SESS_10256,2026-01-03 16:38:00,USR_24018,Mobile,0
SESS_10257,2026-01-03 16:16:00,USR_23110,Desktop,0
SESS_10258,2026-01-03 16:32:00,USR_21970,Mobile,0
SESS_10259,2026-01-03 17:33:00,USR_20197,Desktop,0
SESS_10260,2026-01-03 17:36:00,USR_22626,Desktop,0
SESS_10261,2026-01-03 18:03:00,USR_21202,Mobile,0
SESS_10262,2026-01-03 18:25:00,USR_22035,Desktop,1
SESS_10263,2026-01-03 18:01:00,USR_20477,Mobile,0
SESS_10264,2026-01-03 18:58:00,USR_21254,Mobile,0
SESS_10265,2026-01-03 19:03:00,USR_20922,Desktop,0
SESS_10266,2026-01-03 18:31:00,USR_20419,Mobile,1
SESS_10267,2026-01-03 18:46:00,USR_22204,Mobile,0
SESS_10268,2026-01-03 19:27:00,USR_22597,Mobile,1
SESS_10269,2026-01-03 20:08:00,USR_21120,Mobile,0
SESS_10270,2026-01-03 19:52:00,USR_23068,Mobile,0
SESS_10271,2026-01-03 20:21:00,USR_20950,Mobile,0
SESS_10272,2026-01-03 20:31:00,USR_22336,Tablet,1
SESS_10273,2026-01-03 20:47:00,USR_22243,Mobile,0
SESS_10274,2026-01-03 20:30:00,USR_22645,Mobile,1
SESS_10275,2026-01-03 21:03:00,USR_21857,Mobile,1
SESS_10276,2026-01-03 21:01:00,USR_24612,Mobile,0
SESS_10277,2026-01-03 22:07:00,USR_21865,Tablet,0
SESS_10278,2026-01-03 22:13:00,USR_22912,Desktop,1
SESS_10279,2026-01-03 22:10:00,USR_22853,Desktop,0
SESS_10280,2026-01-03 22:31:00,USR_24910,Mobile,0
SESS_10281,2026-01-03 22:20:00,USR_23228,Mobile,0
SESS_10282,2026-01-03 23:01:00,USR_23719,Mobile,0
SESS_10283,2026-01-03 23:39:00,USR_23228,Desktop,1
SESS_10284,2026-01-03 23:03:00,USR_22371,Mobile,0
SESS_10285,2026-01-04 00:09:00,USR_22891,Mobile,0
SESS_10286,2026-01-03 23:40:00,USR_23756,Tablet,0
SESS_10287,2026-01-04 00:40:00,USR_24225,Mobile,0
SESS_10288,2026-01-04 00:58:00,USR_20094,Mobile,1
SESS_10289,2026-01-04 00:31:00,USR_22674,Mobile,0
SESS_10290,2026-01-04 01:07:00,USR_21955,Tablet,0
SESS_10291,2026-01-04 01:08:00,USR_20793,Mobile,0
SESS_10292,2026-01-04 01:04:00,USR_21834,Desktop,0
SESS_10293,2026-01-04 02:06:00,USR_22116,Desktop,1
SESS_10294,2026-01-04 02:03:00,USR_24106,Mobile,0
SESS_10295,2026-01-04 01:50:00,USR_23325,Desktop,0
SESS_10296,2026-01-04 02:21:00,USR_22919,Mobile,0
SESS_10297,2026-01-04 02:25:00,USR_22597,Mobile,1
SESS_10298,2026-01-04 03:17:00,USR_23205,Desktop,0
SESS_10299,2026-01-04 03:00:00,USR_24807,Desktop,0
SESS_10300,2026-01-04 03:32:00,USR_20814,Desktop,0
SESS_10301,2026-01-04 03:23:00,USR_20345,Mobile,1
SESS_10302,2026-01-04 04:29:00,USR_22349,Mobile,0
SESS_10303,2026-01-04 04:43:00,USR_20362,Mobile,0
SESS_10304,2026-01-04 04:05:00,USR_22443,Mobile,0
SESS_10305,2026-01-04 04:30:00,USR_22265,Mobile,0
SESS_10306,2026-01-04 04:58:00,USR_22188,Mobile,0
SESS_10307,2026-01-04 04:47:00,USR_23005,Mobile,1
SESS_10308,2026-01-04 05:19:00,USR_23281,Mobile,0
SESS_10309,2026-01-04 06:14:00,USR_20984,Mobile,0
SESS_10310,2026-01-04 06:28:00,USR_21639,Mobile,0
SESS_10311,2026-01-04 06:20:00,USR_20827,Desktop,0
SESS_10312,2026-01-04 06:18:00,USR_22730,Mobile,0
SESS_10313,2026-01-04 06:40:00,USR_23531,Tablet,1
SESS_10314,2026-01-04 06:32:00,USR_24451,Desktop,0
SESS_10315,2026-01-04 07:03:00,USR_22935,Mobile,0
SESS_10316,2026-01-04 07:19:00,USR_23876,Desktop,0
SESS_10317,2026-01-04 07:46:00,USR_20126,Mobile,0
SESS_10318,2026-01-04 07:36:00,USR_23177,Mobile,0
SESS_10319,2026-01-04 08:36:00,USR_23056,Mobile,0
SESS_10320,2026-01-04 08:40:00,USR_20603,Mobile,1
SESS_10321,2026-01-04 08:47:00,USR_23449,Mobile,0
SESS_10322,2026-01-04 09:09:00,USR_24146,Mobile,0
SESS_10323,2026-01-04 09:23:00,USR_23533,Desktop,1
SESS_10324,2026-01-04 09:17:00,USR_23367,Desktop,0
SESS_10325,2026-01-04 09:54:00,USR_23368,Mobile,0
SESS_10326,2026-01-04 09:30:00,USR_23797,Desktop,0
SESS_10327,2026-01-04 09:55:00,USR_21792,Mobile,0
SESS_10328,2026-01-04 10:27:00,USR_22861,Mobile,0
SESS_10329,2026-01-04 11:11:00,USR_23476,Desktop,0
SESS_10330,2026-01-04 10:54:00,USR_23417,Mobile,0
SESS_10331,2026-01-04 11:34:00,USR_21645,Mobile,0
SESS_10332,2026-01-04 11:22:00,USR_21205,Mobile,0
SESS_10333,2026-01-04 11:45:00,USR_23030,Mobile,0
SESS_10334,2026-01-04 11:59:00,USR_22872,Tablet,0
SESS_10335,2026-01-04 12:26:00,USR_23072,Mobile,0
SESS_10336,2026-01-04 12:34:00,USR_21854,Tablet,0
SESS_10337,2026-01-04 12:21:00,USR_24021,Mobile,1
SESS_10338,2026-01-04 13:29:00,USR_24662,Mobile,0
SESS_10339,2026-01-04 13:00:00,USR_22708,Mobile,0
SESS_10340,2026-01-04 13:25:00,USR_23502,Desktop,1
SESS_10341,2026-01-04 14:02:00,USR_21332,Mobile,0
SESS_10342,2026-01-04 14:26:00,USR_20201,Desktop,0
SESS_10343,2026-01-04 14:36:00,USR_23507,Desktop,0
SESS_10344,2026-01-04 14:59:00,USR_24212,Mobile,1
SESS_10345,2026-01-04 15:03:00,USR_20574,Tablet,0
SESS_10346,2026-01-04 14:31:00,USR_20536,Desktop,0
SESS_10347,2026-01-04 14:45:00,USR_21625,Desktop,1
SESS_10348,2026-01-04 15:47:00,USR_22122,Mobile,0
SESS_10349,2026-01-04 15:26:00,USR_20385,Mobile,0
SESS_10350,2026-01-04 15:34:00,USR_23281,Mobile,0
SESS_10351,2026-01-04 16:21:00,USR_20474,Mobile,0
SESS_10352,2026-01-04 16:31:00,USR_20417,Mobile,0
SESS_10353,2026-01-04 17:13:00,USR_23600,Desktop,0
SESS_10354,2026-01-04 17:24:00,USR_20954,Mobile,0
SESS_10355,2026-01-04 16:53:00,USR_24971,Mobile,1
SESS_10356,2026-01-04 17:40:00,USR_24858,Tablet,0
SESS_10357,2026-01-04 17:49:00,USR_21205,Desktop,0
SESS_10358,2026-01-04 17:48:00,USR_24759,Mobile,0
SESS_10359,2026-01-04 18:32:00,USR_24120,Desktop,0
SESS_10360,2026-01-04 18:15:00,USR_21990,Mobile,0
SESS_10361,2026-01-04 18:17:00,USR_24805,Mobile,0
SESS_10362,2026-01-04 18:49:00,USR_23572,Desktop,0
SESS_10363,2026-01-04 19:08:00,USR_24380,Mobile,0
SESS_10364,2026-01-04 19:53:00,USR_24158,Mobile,0
SESS_10365,2026-01-04 20:10:00,USR_24757,Mobile,0
SESS_10366,2026-01-04 20:02:00,USR_22713,Mobile,0
SESS_10367,2026-01-04 20:08:00,USR_22203,Mobile,0
SESS_10368,2026-01-04 20:51:00,USR_23120,Mobile,0
SESS_10369,2026-01-04 20:25:00,USR_20966,Desktop,0
SESS_10370,2026-01-04 21:18:00,USR_24944,Desktop,0
SESS_10371,2026-01-04 20:52:00,USR_23432,Mobile,1
SESS_10372,2026-01-04 21:35:00,USR_20688,Mobile,0
SESS_10373,2026-01-04 21:52:00,USR_24243,Mobile,0
SESS_10374,2026-01-04 22:09:00,USR_23701,Mobile,0
SESS_10375,2026-01-04 22:04:00,USR_20341,Desktop,0
SESS_10376,2026-01-04 22:34:00,USR_21724,Mobile,0
SESS_10377,2026-01-04 23:02:00,USR_24422,Mobile,0
SESS_10378,2026-01-04 22:54:00,USR_21792,Desktop,0
SESS_10379,2026-01-04 23:19:00,USR_21759,Desktop,1
SESS_10380,2026-01-04 23:24:00,USR_23212,Desktop,0
SESS_10381,2026-01-04 23:43:00,USR_20989,Mobile,1
SESS_10382,2026-01-04 23:47:00,USR_22262,Mobile,0
SESS_10383,2026-01-05 00:30:00,USR_22482,Mobile,0
SESS_10384,2026-01-05 00:17:00,USR_20951,Mobile,0
SESS_10385,2026-01-05 00:16:00,USR_20722,Desktop,0
SESS_10386,2026-01-05 01:23:00,USR_23389,Desktop,0
SESS_10387,2026-01-05 01:19:00,USR_22079,Desktop,1
SESS_10388,2026-01-05 01:15:00,USR_22717,Desktop,0
SESS_10389,2026-01-05 01:55:00,USR_22332,Mobile,0
SESS_10390,2026-01-05 02:05:00,USR_23376,Desktop,0
SESS_10391,2026-01-05 02:17:00,USR_24524,Mobile,0
SESS_10392,2026-01-05 02:03:00,USR_21500,Mobile,0
SESS_10393,2026-01-05 02:47:00,USR_20285,Mobile,0
SESS_10394,2026-01-05 02:43:00,USR_23495,Mobile,0
SESS_10395,2026-01-05 03:05:00,USR_22065,Mobile,0
SESS_10396,2026-01-05 03:47:00,USR_20768,Tablet,0
SESS_10397,2026-01-05 03:34:00,USR_23057,Mobile,1
SESS_10398,2026-01-05 04:25:00,USR_24289,Mobile,0
SESS_10399,2026-01-05 03:52:00,USR_22161,Mobile,0
SESS_10400,2026-01-05 04:06:00,USR_23293,Desktop,0
SESS_10401,2026-01-05 04:17:00,USR_20946,Mobile,1
SESS_10402,2026-01-05 04:46:00,USR_24926,Desktop,0
SESS_10403,2026-01-05 05:17:00,USR_23335,Mobile,1
SESS_10404,2026-01-05 05:47:00,USR_24150,Desktop,0
SESS_10405,2026-01-05 05:26:00,USR_24895,Mobile,0
SESS_10406,2026-01-05 06:28:00,USR_24873,Desktop,0
SESS_10407,2026-01-05 06:35:00,USR_21481,Desktop,1
SESS_10408,2026-01-05 06:21:00,USR_21901,Mobile,0
SESS_10409,2026-01-05 07:09:00,USR_23451,Mobile,0
SESS_10410,2026-01-05 06:51:00,USR_24064,Mobile,0
SESS_10411,2026-01-05 07:30:00,USR_20054,Mobile,0
SESS_10412,2026-01-05 07:29:00,USR_21823,Mobile,0
SESS_10413,2026-01-05 07:52:00,USR_23462,Desktop,0
SESS_10414,2026-01-05 08:07:00,USR_23079,Mobile,1
SESS_10415,2026-01-05 08:29:00,USR_20832,Mobile,0
SESS_10416,2026-01-05 08:50:00,USR_24408,Mobile,0
SESS_10417,2026-01-05 09:08:00,USR_22806,Mobile,0
SESS_10418,2026-01-05 08:37:00,USR_22490,Desktop,0
SESS_10419,2026-01-05 09:11:00,USR_20327,Mobile,0
SESS_10420,2026-01-05 09:26:00,USR_23310,Desktop,0
SESS_10421,2026-01-05 09:48:00,USR_23300,Desktop,0
SESS_10422,2026-01-05 09:50:00,USR_23675,Desktop,1
SESS_10423,2026-01-05 10:14:00,USR_23054,Desktop,1
SESS_10424,2026-01-05 10:32:00,USR_22143,Mobile,0
SESS_10425,2026-01-05 10:42:00,USR_21311,Tablet,1
SESS_10426,2026-01-05 11:16:00,USR_23191,Mobile,0
SESS_10427,2026-01-05 11:17:00,USR_22538,Mobile,0
SESS_10428,2026-01-05 11:04:00,USR_23983,Desktop,0
SESS_10429,2026-01-05 12:14:00,USR_24547,Tablet,0
SESS_10430,2026-01-05 12:17:00,USR_20164,Desktop,0
SESS_10431,2026-01-05 12:03:00,USR_24277,Mobile,1
SESS_10432,2026-01-05 12:03:00,USR_20822,Mobile,0
SESS_10433,2026-01-05 12:49:00,USR_20943,Tablet,1
SESS_10434,2026-01-05 13:18:00,USR_24425,Mobile,0
SESS_10435,2026-01-05 13:01:00,USR_20774,Desktop,0
SESS_10436,2026-01-05 13:43:00,USR_22198,Desktop,1
SESS_10437,2026-01-05 13:42:00,USR_23156,Mobile,0
SESS_10438,2026-01-05 13:59:00,USR_24242,Mobile,0
SESS_10439,2026-01-05 14:13:00,USR_23695,Mobile,0
SESS_10440,2026-01-05 14:45:00,USR_23452,Mobile,0
SESS_10441,2026-01-05 15:07:00,USR_20914,Desktop,0
SESS_10442,2026-01-05 14:35:00,USR_21308,Mobile,0
SESS_10443,2026-01-05 15:19:00,USR_24177,Desktop,0
SESS_10444,2026-01-05 15:59:00,USR_20513,Mobile,1
SESS_10445,2026-01-05 15:55:00,USR_21920,Tablet,0
SESS_10446,2026-01-05 16:06:00,USR_23594,Mobile,0
SESS_10447,2026-01-05 16:08:00,USR_24841,Mobile,0
SESS_10448,2026-01-05 16:28:00,USR_21409,Mobile,1
SESS_10449,2026-01-05 17:03:00,USR_24802,Desktop,0
SESS_10450,2026-01-05 17:15:00,USR_24566,Desktop,0
SESS_10451,2026-01-05 17:37:00,USR_23190,Desktop,0
SESS_10452,2026-01-05 17:30:00,USR_24491,Mobile,0
SESS_10453,2026-01-05 17:49:00,USR_21555,Mobile,0
SESS_10454,2026-01-05 18:29:00,USR_20804,Mobile,0
SESS_10455,2026-01-05 18:17:00,USR_21279,Mobile,0
SESS_10456,2026-01-05 18:51:00,USR_23577,Mobile,0
SESS_10457,2026-01-05 18:35:00,USR_22901,Tablet,0
SESS_10458,2026-01-05 19:01:00,USR_21387,Tablet,1
SESS_10459,2026-01-05 19:07:00,USR_24688,Tablet,1
SESS_10460,2026-01-05 19:32:00,USR_22761,Desktop,0
SESS_10461,2026-01-05 19:17:00,USR_22679,Mobile,1
SESS_10462,2026-01-05 19:47:00,USR_22106,Mobile,0
SESS_10463,2026-01-05 20:09:00,USR_24223,Mobile,0
SESS_10464,2026-01-05 20:41:00,USR_24831,Desktop,0
SESS_10465,2026-01-05 20:45:00,USR_22768,Mobile,0
SESS_10466,2026-01-05 21:23:00,USR_23953,Mobile,0
SESS_10467,2026-01-05 21:42:00,USR_23186,Mobile,1
SESS_10468,2026-01-05 21:02:00,USR_23280,Mobile,0
SESS_10469,2026-01-05 21:54:00,USR_22573,Desktop,1
SESS_10470,2026-01-05 22:15:00,USR_24616,Desktop,0
SESS_10471,2026-01-05 22:08:00,USR_22599,Mobile,0
SESS_10472,2026-01-05 22:49:00,USR_24033,Tablet,0
SESS_10473,2026-01-05 22:46:00,USR_20236,Desktop,0
SESS_10474,2026-01-05 23:16:00,USR_21304,Mobile,0
SESS_10475,2026-01-05 23:06:00,USR_23430,Mobile,0
SESS_10476,2026-01-05 23:22:00,USR_21301,Mobile,0
SESS_10477,2026-01-05 23:16:00,USR_22541,Mobile,0
SESS_10478,2026-01-05 23:56:00,USR_22051,Tablet,0
SESS_10479,2026-01-06 00:26:00,USR_20441,Mobile,0
SESS_10480,2026-01-06 00:01:00,USR_22076,Desktop,0
SESS_10481,2026-01-06 00:40:00,USR_23180,Mobile,0
SESS_10482,2026-01-06 00:46:00,USR_22657,Mobile,0
SESS_10483,2026-01-06 01:24:00,USR_23798,Mobile,0
SESS_10484,2026-01-06 01:32:00,USR_20804,Mobile,1
SESS_10485,2026-01-06 01:23:00,USR_20074,Mobile,0
SESS_10486,2026-01-06 02:12:00,USR_22175,Tablet,1
SESS_10487,2026-01-06 02:38:00,USR_23924,Mobile,0
SESS_10488,2026-01-06 02:47:00,USR_22089,Desktop,1
SESS_10489,2026-01-06 02:53:00,USR_20040,Mobile,1
SESS_10490,2026-01-06 02:58:00,USR_22081,Mobile,0
SESS_10491,2026-01-06 03:26:00,USR_24683,Mobile,0
SESS_10492,2026-01-06 03:54:00,USR_21622,Mobile,0
SESS_10493,2026-01-06 03:40:00,USR_20341,Mobile,0
SESS_10494,2026-01-06 04:04:00,USR_24052,Mobile,0
SESS_10495,2026-01-06 04:34:00,USR_22074,Mobile,0
SESS_10496,2026-01-06 04:24:00,USR_20645,Mobile,0
SESS_10497,2026-01-06 04:38:00,USR_24826,Mobile,0
SESS_10498,2026-01-06 04:42:00,USR_24263,Mobile,0
SESS_10499,2026-01-06 05:44:00,USR_20609,Tablet,0
SESS_10500,2026-01-06 05:57:00,USR_20454,Desktop,1
SESS_10501,2026-01-06 05:21:00,USR_22953,Mobile,0
SESS_10502,2026-01-06 06:26:00,USR_21708,Mobile,0
SESS_10503,2026-01-06 06:20:00,USR_23472,Tablet,0
SESS_10504,2026-01-06 06:44:00,USR_22969,Desktop,0
SESS_10505,2026-01-06 06:34:00,USR_23028,Mobile,1
SESS_10506,2026-01-06 06:30:00,USR_24797,Desktop,1
SESS_10507,2026-01-06 06:52:00,USR_22681,Mobile,1
SESS_10508,2026-01-06 07:45:00,USR_23629,Mobile,0
SESS_10509,2026-01-06 07:30:00,USR_24225,Desktop,0
SESS_10510,2026-01-06 07:43:00,USR_23067,Mobile,0
SESS_10511,2026-01-06 07:56:00,USR_21386,Tablet,0
SESS_10512,2026-01-06 08:50:00,USR_23776,Desktop,1
SESS_10513,2026-01-06 08:37:00,USR_22866,Mobile,0
SESS_10514,2026-01-06 08:44:00,USR_24788,Mobile,0
SESS_10515,2026-01-06 09:12:00,USR_23363,Mobile,0
SESS_10516,2026-01-06 09:33:00,USR_24889,Mobile,0
SESS_10517,2026-01-06 09:16:00,USR_24124,Desktop,0
SESS_10518,2026-01-06 10:01:00,USR_20148,Mobile,0
SESS_10519,2026-01-06 10:07:00,USR_23850,Mobile,0
SESS_10520,2026-01-06 10:21:00,USR_22058,Desktop,0
SESS_10521,2026-01-06 11:05:00,USR_21136,Mobile,0
SESS_10522,2026-01-06 10:54:00,USR_20186,Desktop,0
SESS_10523,2026-01-06 11:42:00,USR_22854,Mobile,0
SESS_10524,2026-01-06 11:21:00,USR_21250,Tablet,1
SESS_10525,2026-01-06 12:12:00,USR_21333,Mobile,0
SESS_10526,2026-01-06 12:27:00,USR_24193,Mobile,0
SESS_10527,2026-01-06 12:06:00,USR_24150,Mobile,0
SESS_10528,2026-01-06 12:48:00,USR_22711,Mobile,0
SESS_10529,2026-01-06 13:06:00,USR_24853,Desktop,1
SESS_10530,2026-01-06 13:11:00,USR_24501,Desktop,0
SESS_10531,2026-01-06 12:50:00,USR_21785,Desktop,0
SESS_10532,2026-01-06 13:14:00,USR_20750,Mobile,0
SESS_10533,2026-01-06 14:08:00,USR_21762,Mobile,0
SESS_10534,2026-01-06 14:12:00,USR_23920,Mobile,0
SESS_10535,2026-01-06 14:44:00,USR_24460,Mobile,0
SESS_10536,2026-01-06 14:36:00,USR_20481,Desktop,0
SESS_10537,2026-01-06 14:47:00,USR_20153,Mobile,0
SESS_10538,2026-01-06 14:37:00,USR_21524,Mobile,0
SESS_10539,2026-01-06 15:37:00,USR_22120,Mobile,1
SESS_10540,2026-01-06 15:59:00,USR_22343,Desktop,0
SESS_10541,2026-01-06 15:58:00,USR_21240,Desktop,0
SESS_10542,2026-01-06 16:13:00,USR_20060,Desktop,0
SESS_10543,2026-01-06 15:49:00,USR_20938,Mobile,0
SESS_10544,2026-01-06 16:38:00,USR_21639,Mobile,0
SESS_10545,2026-01-06 16:18:00,USR_24120,Desktop,0
SESS_10546,2026-01-06 16:35:00,USR_24226,Desktop,0
SESS_10547,2026-01-06 17:29:00,USR_23569,Mobile,0
SESS_10548,2026-01-06 17:31:00,USR_21252,Desktop,0
SESS_10549,2026-01-06 18:06:00,USR_24203,Desktop,0
SESS_10550,2026-01-06 17:59:00,USR_20171,Desktop,0
SESS_10551,2026-01-06 18:31:00,USR_21458,Desktop,0
SESS_10552,2026-01-06 18:34:00,USR_23549,Mobile,1
SESS_10553,2026-01-06 19:09:00,USR_24197,Mobile,0
SESS_10554,2026-01-06 19:09:00,USR_22322,Mobile,0
SESS_10555,2026-01-06 19:36:00,USR_21636,Desktop,0
SESS_10556,2026-01-06 19:15:00,USR_23115,Desktop,0
SESS_10557,2026-01-06 19:27:00,USR_24090,Desktop,0
SESS_10558,2026-01-06 20:19:00,USR_23004,Mobile,0
SESS_10559,2026-01-06 20:44:00,USR_20329,Desktop,0
SESS_10560,2026-01-06 20:41:00,USR_23640,Desktop,0
SESS_10561,2026-01-06 20:44:00,USR_23894,Desktop,0
SESS_10562,2026-01-06 20:48:00,USR_24107,Desktop,0
SESS_10563,2026-01-06 21:01:00,USR_21341,Desktop,0
SESS_10564,2026-01-06 21:55:00,USR_23663,Mobile,1
SESS_10565,2026-01-06 21:33:00,USR_20215,Mobile,0
SESS_10566,2026-01-06 21:57:00,USR_20338,Mobile,0
SESS_10567,2026-01-06 22:42:00,USR_24062,Mobile,0
SESS_10568,2026-01-06 22:54:00,USR_22708,Desktop,0
SESS_10569,2026-01-06 22:40:00,USR_23152,Desktop,0
SESS_10570,2026-01-06 23:06:00,USR_21750,Mobile,0
SESS_10571,2026-01-06 23:10:00,USR_22421,Mobile,0
SESS_10572,2026-01-06 23:52:00,USR_20709,Desktop,0
SESS_10573,2026-01-06 23:37:00,USR_23726,Mobile,1
SESS_10574,2026-01-06 23:38:00,USR_23642,Mobile,0
SESS_10575,2026-01-06 23:56:00,USR_23993,Mobile,0
SESS_10576,2026-01-07 00:52:00,USR_20488,Mobile,0
SESS_10577,2026-01-07 00:15:00,USR_20046,Mobile,0
SESS_10578,2026-01-07 01:27:00,USR_23359,Mobile,0
SESS_10579,2026-01-07 01:42:00,USR_24873,Mobile,1
SESS_10580,2026-01-07 01:00:00,USR_24806,Desktop,0
SESS_10581,2026-01-07 02:01:00,USR_20400,Mobile,0
SESS_10582,2026-01-07 02:03:00,USR_23990,Desktop,0
SESS_10583,2026-01-07 02:16:00,USR_23157,Mobile,0
SESS_10584,2026-01-07 02:53:00,USR_24345,Mobile,0
SESS_10585,2026-01-07 03:02:00,USR_20390,Desktop,0
SESS_10586,2026-01-07 02:54:00,USR_23853,Mobile,0
SESS_10587,2026-01-07 03:24:00,USR_24430,Mobile,0
SESS_10588,2026-01-07 03:44:00,USR_20628,Mobile,0
SESS_10589,2026-01-07 04:07:00,USR_24232,Desktop,0
SESS_10590,2026-01-07 03:30:00,USR_22930,Mobile,0
SESS_10591,2026-01-07 04:00:00,USR_21521,Mobile,0
SESS_10592,2026-01-07 04:38:00,USR_20826,Desktop,0
SESS_10593,2026-01-07 04:19:00,USR_24822,Mobile,0
SESS_10594,2026-01-07 04:51:00,USR_21500,Desktop,0
SESS_10595,2026-01-07 05:13:00,USR_23294,Desktop,1
SESS_10596,2026-01-07 05:54:00,USR_22419,Tablet,0
SESS_10597,2026-01-07 05:17:00,USR_20934,Mobile,0
SESS_10598,2026-01-07 05:41:00,USR_23042,Desktop,0
SESS_10599,2026-01-07 06:10:00,USR_24497,Mobile,0
SESS_10600,2026-01-07 06:15:00,USR_21466,Mobile,0
SESS_10601,2026-01-07 07:05:00,USR_23561,Mobile,0
SESS_10602,2026-01-07 07:06:00,USR_20614,Desktop,1
SESS_10603,2026-01-07 07:06:00,USR_21182,Mobile,0
SESS_10604,2026-01-07 07:56:00,USR_23223,Mobile,0
SESS_10605,2026-01-07 07:43:00,USR_22667,Mobile,0
SESS_10606,2026-01-07 07:43:00,USR_20130,Desktop,0
SESS_10607,2026-01-07 08:12:00,USR_22983,Desktop,0
SESS_10608,2026-01-07 08:04:00,USR_24278,Desktop,0
SESS_10609,2026-01-07 09:01:00,USR_24459,Mobile,0
SESS_10610,2026-01-07 09:18:00,USR_20038,Mobile,1
SESS_10611,2026-01-07 09:14:00,USR_23959,Desktop,0
SESS_10612,2026-01-07 09:45:00,USR_23587,Mobile,0
SESS_10613,2026-01-07 10:06:00,USR_20920,Mobile,0
SESS_10614,2026-01-07 09:34:00,USR_22769,Desktop,0
SESS_10615,2026-01-07 09:56:00,USR_24111,Tablet,0
SESS_10616,2026-01-07 10:15:00,USR_20492,Desktop,0
SESS_10617,2026-01-07 10:40:00,USR_21131,Desktop,0
SESS_10618,2026-01-07 10:55:00,USR_23521,Tablet,0
SESS_10619,2026-01-07 11:32:00,USR_20310,Mobile,0
SESS_10620,2026-01-07 11:20:00,USR_20738,Mobile,0
SESS_10621,2026-01-07 11:53:00,USR_23241,Tablet,0
SESS_10622,2026-01-07 12:05:00,USR_20545,Mobile,0
SESS_10623,2026-01-07 12:17:00,USR_22461,Desktop,0
SESS_10624,2026-01-07 12:29:00,USR_24346,Mobile,0
SESS_10625,2026-01-07 12:51:00,USR_24854,Mobile,0
SESS_10626,2026-01-07 12:52:00,USR_21804,Desktop,0
SESS_10627,2026-01-07 13:42:00,USR_23212,Tablet,1
SESS_10628,2026-01-07 13:09:00,USR_23810,Desktop,0
SESS_10629,2026-01-07 14:08:00,USR_20813,Mobile,0
SESS_10630,2026-01-07 13:34:00,USR_24124,Desktop,0
SESS_10631,2026-01-07 14:20:00,USR_22032,Mobile,0
SESS_10632,2026-01-07 14:33:00,USR_24572,Mobile,0
SESS_10633,2026-01-07 15:06:00,USR_24413,Mobile,0
SESS_10634,2026-01-07 15:00:00,USR_20244,Mobile,0
SESS_10635,2026-01-07 14:54:00,USR_24843,Mobile,0
SESS_10636,2026-01-07 15:57:00,USR_24792,Tablet,0
SESS_10637,2026-01-07 15:33:00,USR_20271,Desktop,0
SESS_10638,2026-01-07 16:27:00,USR_23511,Desktop,0
SESS_10639,2026-01-07 16:16:00,USR_21771,Mobile,0
SESS_10640,2026-01-07 16:00:00,USR_21262,Tablet,0
SESS_10641,2026-01-07 17:10:00,USR_22424,Tablet,0
SESS_10642,2026-01-07 16:34:00,USR_24361,Desktop,0
SESS_10643,2026-01-07 17:29:00,USR_20920,Mobile,0
SESS_10644,2026-01-07 17:03:00,USR_23430,Mobile,1
SESS_10645,2026-01-07 17:30:00,USR_24435,Mobile,0
SESS_10646,2026-01-07 17:53:00,USR_24484,Mobile,1
SESS_10647,2026-01-07 18:00:00,USR_22624,Mobile,0
SESS_10648,2026-01-07 18:54:00,USR_23760,Tablet,1
SESS_10649,2026-01-07 18:16:00,USR_22050,Mobile,0
SESS_10650,2026-01-07 19:18:00,USR_23500,Mobile,0
SESS_10651,2026-01-07 19:12:00,USR_21165,Mobile,0
SESS_10652,2026-01-07 19:31:00,USR_20375,Mobile,0
SESS_10653,2026-01-07 19:41:00,USR_22033,Mobile,0
SESS_10654,2026-01-07 19:49:00,USR_20145,Mobile,0
SESS_10655,2026-01-07 20:08:00,USR_24388,Mobile,0
SESS_10656,2026-01-07 20:11:00,USR_20431,Desktop,0
SESS_10657,2026-01-07 21:04:00,USR_20704,Tablet,1
SESS_10658,2026-01-07 21:04:00,USR_22632,Mobile,1
SESS_10659,2026-01-07 21:44:00,USR_24494,Mobile,1
SESS_10660,2026-01-07 21:32:00,USR_20963,Desktop,0
SESS_10661,2026-01-07 21:47:00,USR_22234,Mobile,0
SESS_10662,2026-01-07 22:20:00,USR_22041,Mobile,0
SESS_10663,2026-01-07 22:27:00,USR_21828,Desktop,0
SESS_10664,2026-01-07 22:36:00,USR_22108,Mobile,0
SESS_10665,2026-01-07 22:26:00,USR_24068,Desktop,0
SESS_10666,2026-01-07 22:32:00,USR_20938,Mobile,0
SESS_10667,2026-01-07 22:45:00,USR_24805,Mobile,0
SESS_10668,2026-01-07 23:32:00,USR_20806,Mobile,1
SESS_10669,2026-01-07 23:54:00,USR_21463,Desktop,0
SESS_10670,2026-01-07 23:39:00,USR_23415,Mobile,1
SESS_10671,2026-01-08 00:27:00,USR_20010,Mobile,0
SESS_10672,2026-01-08 00:43:00,USR_21868,Desktop,0
SESS_10673,2026-01-08 00:43:00,USR_24867,Mobile,0
SESS_10674,2026-01-08 00:42:00,USR_20884,Mobile,0
SESS_10675,2026-01-08 00:56:00,USR_23564,Desktop,0
SESS_10676,2026-01-08 01:30:00,USR_21389,Mobile,0
SESS_10677,2026-01-08 02:00:00,USR_23401,Desktop,0
SESS_10678,2026-01-08 01:31:00,USR_24321,Desktop,0
SESS_10679,2026-01-08 02:35:00,USR_20824,Desktop,0
SESS_10680,2026-01-08 02:49:00,USR_22265,Mobile,1
SESS_10681,2026-01-08 02:49:00,USR_20936,Tablet,0
SESS_10682,2026-01-08 02:52:00,USR_22800,Mobile,0
SESS_10683,2026-01-08 03:01:00,USR_22553,Desktop,0
SESS_10684,2026-01-08 03:25:00,USR_23845,Mobile,0
SESS_10685,2026-01-08 03:22:00,USR_21796,Mobile,0
SESS_10686,2026-01-08 03:58:00,USR_20053,Mobile,0
SESS_10687,2026-01-08 04:10:00,USR_20726,Tablet,1
SESS_10688,2026-01-08 04:09:00,USR_22736,Tablet,0
SESS_10689,2026-01-08 04:40:00,USR_23170,Mobile,1
SESS_10690,2026-01-08 05:03:00,USR_21913,Mobile,1
SESS_10691,2026-01-08 05:35:00,USR_21596,Desktop,0
SESS_10692,2026-01-08 05:40:00,USR_21914,Mobile,0
SESS_10693,2026-01-08 05:21:00,USR_22466,Mobile,1
SESS_10694,2026-01-08 05:33:00,USR_22737,Desktop,0
SESS_10695,2026-01-08 06:42:00,USR_20849,Mobile,0
SESS_10696,2026-01-08 06:52:00,USR_22109,Tablet,1
SESS_10697,2026-01-08 07:04:00,USR_20002,Mobile,0
SESS_10698,2026-01-08 07:14:00,USR_24255,Mobile,0
SESS_10699,2026-01-08 06:55:00,USR_24069,Mobile,0
SESS_10700,2026-01-08 07:28:00,USR_24876,Desktop,0
SESS_10701,2026-01-08 08:10:00,USR_20892,Mobile,0
SESS_10702,2026-01-08 08:05:00,USR_22030,Desktop,0
SESS_10703,2026-01-08 08:09:00,USR_23160,Mobile,0
SESS_10704,2026-01-08 08:20:00,USR_22376,Desktop,0
SESS_10705,2026-01-08 09:11:00,USR_24675,Mobile,0
SESS_10706,2026-01-08 09:05:00,USR_21933,Mobile,0
SESS_10707,2026-01-08 08:54:00,USR_21380,Desktop,0
SESS_10708,2026-01-08 09:36:00,USR_23681,Mobile,0
SESS_10709,2026-01-08 09:23:00,USR_21290,Mobile,0
SESS_10710,2026-01-08 09:53:00,USR_21640,Desktop,0
SESS_10711,2026-01-08 10:19:00,USR_22682,Mobile,0
SESS_10712,2026-01-08 10:48:00,USR_20987,Desktop,1
SESS_10713,2026-01-08 10:49:00,USR_21218,Mobile,0
SESS_10714,2026-01-08 11:17:00,USR_21355,Desktop,0
SESS_10715,2026-01-08 11:20:00,USR_24265,Mobile,0
SESS_10716,2026-01-08 11:17:00,USR_24616,Mobile,0
SESS_10717,2026-01-08 12:03:00,USR_24135,Tablet,0
SESS_10718,2026-01-08 12:08:00,USR_21560,Desktop,0
SESS_10719,2026-01-08 12:16:00,USR_21418,Mobile,0
SESS_10720,2026-01-08 12:23:00,USR_20954,Mobile,0
SESS_10721,2026-01-08 12:37:00,USR_20983,Desktop,0
SESS_10722,2026-01-08 13:01:00,USR_20974,Mobile,0
SESS_10723,2026-01-08 13:21:00,USR_24133,Desktop,0
SESS_10724,2026-01-08 13:11:00,USR_23972,Desktop,0
SESS_10725,2026-01-08 14:03:00,USR_20913,Mobile,0
SESS_10726,2026-01-08 14:24:00,USR_24549,Mobile,0
SESS_10727,2026-01-08 13:57:00,USR_20036,Desktop,0
SESS_10728,2026-01-08 14:22:00,USR_23387,Mobile,0
SESS_10729,2026-01-08 14:39:00,USR_21711,Mobile,0
SESS_10730,2026-01-08 15:04:00,USR_23020,Tablet,0
SESS_10731,2026-01-08 15:25:00,USR_20795,Mobile,0
SESS_10732,2026-01-08 15:29:00,USR_24036,Desktop,0
SESS_10733,2026-01-08 15:31:00,USR_24688,Mobile,0
SESS_10734,2026-01-08 16:18:00,USR_23111,Mobile,1
SESS_10735,2026-01-08 16:04:00,USR_21324,Mobile,0
SESS_10736,2026-01-08 16:47:00,USR_20317,Mobile,0
SESS_10737,2026-01-08 16:39:00,USR_22396,Mobile,0
SESS_10738,2026-01-08 16:51:00,USR_22162,Mobile,0
SESS_10739,2026-01-08 16:57:00,USR_22745,Desktop,0
SESS_10740,2026-01-08 17:58:00,USR_21591,Mobile,0
SESS_10741,2026-01-08 17:33:00,USR_23111,Mobile,0
SESS_10742,2026-01-08 18:18:00,USR_23930,Mobile,1
SESS_10743,2026-01-08 18:20:00,USR_21996,Mobile,0
SESS_10744,2026-01-08 18:11:00,USR_21312,Mobile,1
SESS_10745,2026-01-08 18:55:00,USR_21285,Mobile,0
SESS_10746,2026-01-08 18:48:00,USR_24311,Mobile,0
SESS_10747,2026-01-08 18:56:00,USR_22383,Mobile,0
SESS_10748,2026-01-08 19:08:00,USR_23239,Mobile,0
SESS_10749,2026-01-08 19:21:00,USR_22139,Desktop,0
SESS_10750,2026-01-08 19:57:00,USR_21704,Mobile,0
SESS_10751,2026-01-08 19:58:00,USR_20362,Mobile,0
SESS_10752,2026-01-08 20:30:00,USR_22604,Desktop,0
SESS_10753,2026-01-08 21:06:00,USR_21716,Mobile,0
SESS_10754,2026-01-08 20:48:00,USR_24451,Desktop,1
SESS_10755,2026-01-08 21:42:00,USR_24286,Mobile,0
SESS_10756,2026-01-08 21:46:00,USR_23738,Mobile,0
SESS_10757,2026-01-08 21:30:00,USR_22469,Mobile,1
SESS_10758,2026-01-08 22:22:00,USR_24795,Mobile,0
SESS_10759,2026-01-08 21:49:00,USR_20556,Desktop,0
SESS_10760,2026-01-08 22:34:00,USR_20825,Mobile,0
SESS_10761,2026-01-08 22:26:00,USR_22808,Desktop,1
SESS_10762,2026-01-08 22:54:00,USR_24521,Mobile,0
SESS_10763,2026-01-08 23:36:00,USR_22719,Mobile,0
SESS_10764,2026-01-08 23:58:00,USR_23508,Mobile,0
SESS_10765,2026-01-08 23:35:00,USR_23741,Mobile,0
SESS_10766,2026-01-09 00:05:00,USR_21574,Mobile,0
SESS_10767,2026-01-09 00:37:00,USR_23998,Desktop,0
SESS_10768,2026-01-09 00:22:00,USR_22129,Desktop,0
SESS_10769,2026-01-09 00:30:00,USR_22403,Mobile,0
SESS_10770,2026-01-09 01:26:00,USR_23329,Desktop,1
SESS_10771,2026-01-09 01:23:00,USR_20588,Tablet,0
SESS_10772,2026-01-09 01:44:00,USR_22012,Desktop,0
SESS_10773,2026-01-09 02:07:00,USR_21547,Mobile,0
SESS_10774,2026-01-09 02:11:00,USR_20294,Desktop,0
SESS_10775,2026-01-09 02:42:00,USR_21985,Mobile,1
SESS_10776,2026-01-09 02:38:00,USR_23117,Tablet,0
SESS_10777,2026-01-09 02:28:00,USR_21690,Mobile,0
SESS_10778,2026-01-09 03:00:00,USR_21136,Mobile,0
SESS_10779,2026-01-09 03:42:00,USR_22064,Desktop,0
SESS_10780,2026-01-09 03:04:00,USR_24455,Mobile,0
SESS_10781,2026-01-09 03:49:00,USR_24795,Tablet,0
SESS_10782,2026-01-09 03:52:00,USR_24543,Tablet,0
SESS_10783,2026-01-09 04:13:00,USR_24770,Desktop,1
SESS_10784,2026-01-09 04:42:00,USR_21007,Mobile,0
SESS_10785,2026-01-09 04:25:00,USR_22514,Desktop,0
SESS_10786,2026-01-09 04:47:00,USR_23526,Mobile,0
SESS_10787,2026-01-09 05:31:00,USR_24681,Mobile,0
SESS_10788,2026-01-09 05:11:00,USR_21247,Desktop,0
SESS_10789,2026-01-09 05:23:00,USR_23902,Mobile,0
SESS_10790,2026-01-09 05:39:00,USR_21435,Mobile,0
SESS_10791,2026-01-09 06:42:00,USR_20571,Tablet,1
SESS_10792,2026-01-09 06:43:00,USR_22382,Mobile,0
SESS_10793,2026-01-09 06:31:00,USR_21245,Mobile,0
SESS_10794,2026-01-09 07:07:00,USR_22084,Tablet,0
SESS_10795,2026-01-09 06:51:00,USR_20277,Mobile,0
SESS_10796,2026-01-09 07:45:00,USR_21887,Desktop,0
SESS_10797,2026-01-09 07:27:00,USR_24579,Tablet,0
SESS_10798,2026-01-09 08:09:00,USR_21265,Tablet,1
SESS_10799,2026-01-09 08:26:00,USR_24826,Desktop,1
SESS_10800,2026-01-09 08:08:00,USR_21040,Mobile,1
SESS_10801,2026-01-09 09:04:00,USR_20917,Mobile,0
SESS_10802,2026-01-09 08:56:00,USR_20885,Desktop,0
SESS_10803,2026-01-09 09:42:00,USR_22752,Desktop,0
SESS_10804,2026-01-09 09:01:00,USR_20021,Mobile,1
SESS_10805,2026-01-09 09:19:00,USR_24569,Mobile,0
SESS_10806,2026-01-09 09:58:00,USR_23191,Mobile,0
SESS_10807,2026-01-09 10:21:00,USR_22353,Mobile,0
SESS_10808,2026-01-09 10:37:00,USR_24799,Desktop,0
SESS_10809,2026-01-09 10:33:00,USR_20686,Mobile,0
SESS_10810,2026-01-09 10:37:00,USR_20284,Tablet,0
SESS_10811,2026-01-09 11:32:00,USR_24811,Desktop,0
SESS_10812,2026-01-09 11:44:00,USR_23747,Mobile,0
SESS_10813,2026-01-09 11:15:00,USR_20762,Desktop,0
SESS_10814,2026-01-09 11:51:00,USR_22428,Mobile,0
SESS_10815,2026-01-09 12:36:00,USR_22507,Mobile,0
SESS_10816,2026-01-09 12:16:00,USR_20028,Desktop,0
SESS_10817,2026-01-09 12:21:00,USR_20906,Desktop,0
SESS_10818,2026-01-09 12:54:00,USR_23104,Desktop,0
SESS_10819,2026-01-09 13:29:00,USR_23999,Mobile,0
SESS_10820,2026-01-09 13:03:00,USR_22994,Mobile,0
SESS_10821,2026-01-09 13:50:00,USR_22506,Desktop,0
SESS_10822,2026-01-09 13:35:00,USR_24665,Mobile,0
SESS_10823,2026-01-09 14:44:00,USR_23609,Mobile,0
SESS_10824,2026-01-09 14:30:00,USR_23553,Mobile,0
SESS_10825,2026-01-09 14:33:00,USR_21453,Desktop,1
SESS_10826,2026-01-09 15:13:00,USR_24833,Mobile,0
SESS_10827,2026-01-09 15:38:00,USR_23356,Desktop,0
SESS_10828,2026-01-09 15:38:00,USR_20515,Tablet,0
SESS_10829,2026-01-09 15:41:00,USR_20038,Mobile,1
SESS_10830,2026-01-09 15:39:00,USR_23342,Mobile,0
SESS_10831,2026-01-09 16:10:00,USR_20886,Mobile,0
SESS_10832,2026-01-09 16:18:00,USR_22844,Desktop,0
SESS_10833,2026-01-09 16:53:00,USR_22204,Mobile,0
SESS_10834,2026-01-09 16:32:00,USR_21098,Mobile,0
SESS_10835,2026-01-09 17:29:00,USR_21823,Mobile,0
SESS_10836,2026-01-09 17:12:00,USR_23201,Desktop,1
SESS_10837,2026-01-09 18:04:00,USR_23155,Mobile,0
SESS_10838,2026-01-09 17:57:00,USR_23093,Desktop,0
SESS_10839,2026-01-09 18:42:00,USR_23530,Tablet,0
SESS_10840,2026-01-09 18:19:00,USR_23778,Mobile,0
SESS_10841,2026-01-09 18:42:00,USR_22896,Desktop,0
SESS_10842,2026-01-09 18:37:00,USR_23453,Mobile,1
SESS_10843,2026-01-09 19:25:00,USR_23511,Desktop,0
SESS_10844,2026-01-09 19:38:00,USR_20988,Desktop,0
SESS_10845,2026-01-09 19:15:00,USR_24116,Desktop,0
SESS_10846,2026-01-09 19:32:00,USR_24964,Mobile,0
SESS_10847,2026-01-09 19:57:00,USR_24026,Mobile,0
SESS_10848,2026-01-09 20:27:00,USR_24179,Mobile,0
SESS_10849,2026-01-09 21:11:00,USR_21682,Mobile,0
SESS_10850,2026-01-09 21:29:00,USR_24665,Mobile,0
SESS_10851,2026-01-09 21:33:00,USR_23963,Mobile,0
SESS_10852,2026-01-09 21:24:00,USR_20933,Mobile,1
SESS_10853,2026-01-09 22:10:00,USR_23598,Mobile,0
SESS_10854,2026-01-09 22:02:00,USR_23233,Desktop,0
SESS_10855,2026-01-09 22:22:00,USR_21980,Mobile,0
SESS_10856,2026-01-09 22:52:00,USR_21855,Mobile,0
SESS_10857,2026-01-09 22:20:00,USR_23056,Mobile,0
SESS_10858,2026-01-09 23:27:00,USR_20792,Mobile,1
SESS_10859,2026-01-09 23:28:00,USR_20791,Tablet,0
SESS_10860,2026-01-09 23:44:00,USR_21809,Mobile,0
SESS_10861,2026-01-09 23:46:00,USR_22255,Desktop,0
SESS_10862,2026-01-10 00:14:00,USR_23610,Tablet,0
SESS_10863,2026-01-10 00:31:00,USR_21607,Desktop,0
SESS_10864,2026-01-10 00:20:00,USR_20984,Desktop,0
SESS_10865,2026-01-10 00:30:00,USR_23676,Desktop,0
SESS_10866,2026-01-10 01:23:00,USR_23380,Tablet,0
SESS_10867,2026-01-10 01:05:00,USR_20519,Desktop,0
SESS_10868,2026-01-10 01:10:00,USR_20590,Mobile,0
SESS_10869,2026-01-10 02:14:00,USR_21050,Desktop,0
SESS_10870,2026-01-10 02:06:00,USR_23633,Mobile,0
SESS_10871,2026-01-10 02:20:00,USR_24444,Desktop,1
SESS_10872,2026-01-10 02:34:00,USR_20959,Mobile,0
SESS_10873,2026-01-10 02:33:00,USR_20692,Mobile,0
SESS_10874,2026-01-10 02:49:00,USR_23899,Mobile,0
SESS_10875,2026-01-10 03:41:00,USR_24473,Mobile,0
SESS_10876,2026-01-10 03:17:00,USR_22946,Mobile,0
SESS_10877,2026-01-10 04:01:00,USR_20526,Mobile,0
SESS_10878,2026-01-10 04:10:00,USR_23224,Mobile,0
SESS_10879,2026-01-10 04:33:00,USR_22253,Mobile,1
SESS_10880,2026-01-10 04:13:00,USR_23344,Desktop,0
SESS_10881,2026-01-10 04:29:00,USR_23965,Mobile,0
SESS_10882,2026-01-10 05:00:00,USR_21875,Mobile,0
SESS_10883,2026-01-10 04:45:00,USR_21763,Desktop,0
SESS_10884,2026-01-10 05:52:00,USR_20520,Mobile,0
SESS_10885,2026-01-10 06:08:00,USR_21016,Mobile,0
SESS_10886,2026-01-10 06:23:00,USR_20116,Desktop,0
SESS_10887,2026-01-10 05:47:00,USR_22433,Desktop,0
SESS_10888,2026-01-10 06:15:00,USR_20583,Mobile,0
SESS_10889,2026-01-10 06:37:00,USR_20394,Mobile,0
SESS_10890,2026-01-10 07:26:00,USR_23788,Tablet,0
SESS_10891,2026-01-10 06:55:00,USR_22768,Desktop,0
SESS_10892,2026-01-10 07:11:00,USR_24167,Mobile,1
SESS_10893,2026-01-10 07:24:00,USR_23860,Desktop,0
SESS_10894,2026-01-10 08:01:00,USR_20273,Mobile,0
SESS_10895,2026-01-10 08:00:00,USR_22013,Mobile,1
SESS_10896,2026-01-10 08:07:00,USR_24433,Mobile,0
SESS_10897,2026-01-10 08:52:00,USR_21389,Desktop,0
SESS_10898,2026-01-10 08:41:00,USR_23566,Mobile,0
SESS_10899,2026-01-10 09:08:00,USR_24702,Desktop,0
SESS_10900,2026-01-10 09:27:00,USR_20165,Mobile,0
SESS_10901,2026-01-10 10:07:00,USR_21567,Mobile,0
SESS_10902,2026-01-10 09:37:00,USR_20728,Mobile,0
SESS_10903,2026-01-10 10:42:00,USR_22043,Desktop,0
SESS_10904,2026-01-10 10:27:00,USR_24197,Mobile,1
SESS_10905,2026-01-10 10:50:00,USR_23496,Mobile,0
SESS_10906,2026-01-10 10:55:00,USR_20778,Desktop,0
SESS_10907,2026-01-10 10:52:00,USR_20213,Mobile,1
SESS_10908,2026-01-10 11:57:00,USR_23762,Tablet,0
SESS_10909,2026-01-10 12:14:00,USR_21576,Mobile,1
SESS_10910,2026-01-10 12:19:00,USR_22448,Desktop,0
SESS_10911,2026-01-10 12:12:00,USR_22936,Mobile,0
SESS_10912,2026-01-10 12:27:00,USR_23117,Tablet,0
SESS_10913,2026-01-10 12:51:00,USR_20591,Mobile,0
SESS_10914,2026-01-10 13:10:00,USR_22720,Mobile,0
SESS_10915,2026-01-10 13:20:00,USR_20713,Mobile,1
SESS_10916,2026-01-10 13:26:00,USR_20935,Mobile,0
SESS_10917,2026-01-10 14:08:00,USR_24337,Mobile,0
SESS_10918,2026-01-10 13:46:00,USR_20001,Tablet,1
SESS_10919,2026-01-10 13:53:00,USR_22848,Mobile,0
SESS_10920,2026-01-10 14:32:00,USR_24044,Desktop,0
SESS_10921,2026-01-10 15:07:00,USR_21949,Desktop,1
SESS_10922,2026-01-10 14:49:00,USR_20917,Desktop,0
SESS_10923,2026-01-10 14:57:00,USR_23174,Mobile,0
SESS_10924,2026-01-10 15:27:00,USR_22241,Mobile,1
SESS_10925,2026-01-10 16:02:00,USR_20089,Desktop,0
SESS_10926,2026-01-10 15:58:00,USR_21709,Tablet,0
SESS_10927,2026-01-10 15:57:00,USR_22169,Mobile,0
SESS_10928,2026-01-10 16:45:00,USR_24238,Mobile,0
SESS_10929,2026-01-10 16:49:00,USR_23041,Mobile,1
SESS_10930,2026-01-10 16:35:00,USR_20105,Tablet,0
SESS_10931,2026-01-10 17:02:00,USR_20886,Mobile,0
SESS_10932,2026-01-10 17:50:00,USR_20427,Mobile,0
SESS_10933,2026-01-10 17:19:00,USR_21895,Desktop,0
SESS_10934,2026-01-10 18:16:00,USR_20316,Mobile,0
SESS_10935,2026-01-10 18:09:00,USR_20634,Mobile,0
SESS_10936,2026-01-10 18:01:00,USR_21925,Desktop,0
SESS_10937,2026-01-10 18:24:00,USR_22056,Tablet,0
SESS_10938,2026-01-10 19:25:00,USR_23144,Mobile,0
SESS_10939,2026-01-10 19:14:00,USR_22270,Mobile,0
SESS_10940,2026-01-10 19:49:00,USR_21439,Mobile,0
SESS_10941,2026-01-10 20:13:00,USR_20552,Mobile,0
SESS_10942,2026-01-10 20:14:00,USR_20715,Desktop,0
SESS_10943,2026-01-10 19:49:00,USR_23911,Mobile,0
SESS_10944,2026-01-10 20:54:00,USR_21713,Mobile,0
SESS_10945,2026-01-10 21:10:00,USR_23389,Mobile,0
SESS_10946,2026-01-10 21:02:00,USR_21107,Mobile,0
SESS_10947,2026-01-10 21:38:00,USR_24206,Mobile,0
SESS_10948,2026-01-10 21:00:00,USR_20250,Desktop,0
SESS_10949,2026-01-10 21:32:00,USR_22430,Mobile,0
SESS_10950,2026-01-10 22:01:00,USR_22054,Desktop,1
SESS_10951,2026-01-10 22:31:00,USR_20458,Desktop,0
SESS_10952,2026-01-10 22:48:00,USR_20207,Mobile,0
SESS_10953,2026-01-10 22:25:00,USR_20899,Mobile,1
SESS_10954,2026-01-10 22:50:00,USR_23461,Mobile,0
SESS_10955,2026-01-10 23:10:00,USR_23385,Mobile,1
SESS_10956,2026-01-10 23:24:00,USR_20021,Mobile,0
SESS_10957,2026-01-10 23:36:00,USR_20409,Mobile,0
SESS_10958,2026-01-11 00:28:00,USR_20894,Mobile,0
SESS_10959,2026-01-11 00:11:00,USR_20514,Desktop,0
SESS_10960,2026-01-11 00:48:00,USR_24904,Mobile,0
SESS_10961,2026-01-11 00:27:00,USR_24969,Desktop,0
SESS_10962,2026-01-11 01:02:00,USR_24109,Mobile,0
SESS_10963,2026-01-11 01:18:00,USR_22134,Desktop,0
SESS_10964,2026-01-11 01:40:00,USR_23595,Mobile,0
SESS_10965,2026-01-11 01:49:00,USR_22956,Mobile,0
SESS_10966,2026-01-11 01:30:00,USR_21560,Desktop,1
SESS_10967,2026-01-11 02:05:00,USR_21266,Mobile,0
SESS_10968,2026-01-11 02:47:00,USR_22169,Mobile,0
SESS_10969,2026-01-11 03:09:00,USR_23638,Tablet,0
SESS_10970,2026-01-11 02:35:00,USR_20749,Mobile,0
SESS_10971,2026-01-11 03:12:00,USR_23427,Mobile,0
SESS_10972,2026-01-11 03:16:00,USR_24780,Desktop,0
SESS_10973,2026-01-11 03:19:00,USR_21927,Desktop,0
SESS_10974,2026-01-11 04:00:00,USR_23804,Desktop,0
SESS_10975,2026-01-11 03:49:00,USR_23702,Mobile,0
SESS_10976,2026-01-11 04:37:00,USR_22356,Desktop,0
SESS_10977,2026-01-11 04:17:00,USR_24790,Mobile,0
SESS_10978,2026-01-11 05:22:00,USR_22335,Desktop,0
SESS_10979,2026-01-11 05:07:00,USR_20306,Tablet,0
SESS_10980,2026-01-11 05:36:00,USR_23665,Desktop,0
SESS_10981,2026-01-11 06:07:00,USR_21989,Desktop,0
SESS_10982,2026-01-11 06:06:00,USR_20661,Mobile,0
SESS_10983,2026-01-11 05:54:00,USR_24644,Desktop,0
SESS_10984,2026-01-11 06:09:00,USR_20311,Desktop,0
SESS_10985,2026-01-11 06:33:00,USR_22920,Mobile,0
SESS_10986,2026-01-11 06:46:00,USR_21082,Desktop,0
SESS_10987,2026-01-11 07:05:00,USR_22971,Mobile,0
SESS_10988,2026-01-11 07:13:00,USR_20754,Desktop,0
SESS_10989,2026-01-11 07:23:00,USR_24130,Desktop,0
SESS_10990,2026-01-11 08:15:00,USR_24540,Desktop,0
SESS_10991,2026-01-11 07:45:00,USR_20352,Mobile,0
SESS_10992,2026-01-11 08:50:00,USR_20902,Mobile,0
SESS_10993,2026-01-11 08:59:00,USR_23888,Mobile,0
SESS_10994,2026-01-11 08:42:00,USR_20158,Tablet,1
SESS_10995,2026-01-11 08:48:00,USR_21977,Mobile,0
SESS_10996,2026-01-11 09:00:00,USR_20956,Mobile,0
SESS_10997,2026-01-11 10:03:00,USR_22071,Desktop,0
SESS_10998,2026-01-11 10:09:00,USR_20403,Mobile,0
SESS_10999,2026-01-11 10:16:00,USR_24611,Desktop,0
