batch_id,inspection_date,inspector_id,batch_size,defective_count
BATCH_50000,2026-01-01,INS_04,50,1
BATCH_50001,2026-01-01,INS_04,50,4
BATCH_50002,2026-01-01,INS_04,50,3
BATCH_50003,2026-01-01,INS_03,50,1
BATCH_50004,2026-01-01,INS_01,50,1
BATCH_50005,2026-01-02,INS_04,50,2
BATCH_50006,2026-01-02,INS_01,50,3
BATCH_50007,2026-01-02,INS_03,50,0
BATCH_50008,2026-01-02,INS_02,50,3
BATCH_50009,2026-01-02,INS_02,50,2
BATCH_50010,2026-01-03,INS_02,50,1
BATCH_50011,2026-01-03,INS_04,50,3
BATCH_50012,2026-01-03,INS_02,50,4
BATCH_50013,2026-01-03,INS_04,50,0
BATCH_50014,2026-01-03,INS_03,50,1
BATCH_50015,2026-01-04,INS_03,50,2
BATCH_50016,2026-01-04,INS_04,50,4
BATCH_50017,2026-01-04,INS_01,50,5
BATCH_50018,2026-01-04,INS_02,50,2
BATCH_50019,2026-01-04,INS_02,50,3
BATCH_50020,2026-01-05,INS_02,50,2
BATCH_50021,2026-01-05,INS_04,50,2
BATCH_50022,2026-01-05,INS_03,50,1
BATCH_50023,2026-01-05,INS_02,50,1
BATCH_50024,2026-01-05,INS_03,50,1
BATCH_50025,2026-01-06,INS_02,50,2
BATCH_50026,2026-01-06,INS_02,50,0
BATCH_50027,2026-01-06,INS_04,50,4
BATCH_50028,2026-01-06,INS_01,50,1
BATCH_50029,2026-01-06,INS_04,50,1
BATCH_50030,2026-01-07,INS_02,50,2
BATCH_50031,2026-01-07,INS_02,50,3
BATCH_50032,2026-01-07,INS_01,50,0
BATCH_50033,2026-01-07,INS_03,50,1
BATCH_50034,2026-01-07,INS_03,50,5
BATCH_50035,2026-01-08,INS_02,50,1
BATCH_50036,2026-01-08,INS_03,50,1
BATCH_50037,2026-01-08,INS_02,50,3
BATCH_50038,2026-01-08,INS_01,50,0
BATCH_50039,2026-01-08,INS_01,50,2
BATCH_50040,2026-01-09,INS_02,50,1
BATCH_50041,2026-01-09,INS_01,50,1
BATCH_50042,2026-01-09,INS_04,50,1
BATCH_50043,2026-01-09,INS_04,50,0
BATCH_50044,2026-01-09,INS_01,50,1
BATCH_50045,2026-01-10,INS_02,50,0
BATCH_50046,2026-01-10,INS_02,50,3
BATCH_50047,2026-01-10,INS_01,50,1
BATCH_50048,2026-01-10,INS_03,50,2
BATCH_50049,2026-01-10,INS_04,50,4
BATCH_50050,2026-01-11,INS_03,50,2
BATCH_50051,2026-01-11,INS_02,50,0
BATCH_50052,2026-01-11,INS_02,50,4
BATCH_50053,2026-01-11,INS_03,50,1
BATCH_50054,2026-01-11,INS_01,50,0
BATCH_50055,2026-01-12,INS_03,50,3
BATCH_50056,2026-01-12,INS_03,50,2
BATCH_50057,2026-01-12,INS_04,50,2
BATCH_50058,2026-01-12,INS_04,50,1
BATCH_50059,2026-01-12,INS_03,50,2
BATCH_50060,2026-01-13,INS_03,50,1
BATCH_50061,2026-01-13,INS_02,50,4
BATCH_50062,2026-01-13,INS_04,50,1
BATCH_50063,2026-01-13,INS_04,50,4
BATCH_50064,2026-01-13,INS_02,50,2
BATCH_50065,2026-01-14,INS_01,50,3
BATCH_50066,2026-01-14,INS_04,50,3
BATCH_50067,2026-01-14,INS_04,50,3
BATCH_50068,2026-01-14,INS_01,50,1
BATCH_50069,2026-01-14,INS_04,50,1
BATCH_50070,2026-01-15,INS_04,50,1
BATCH_50071,2026-01-15,INS_01,50,3
BATCH_50072,2026-01-15,INS_01,50,3
BATCH_50073,2026-01-15,INS_03,50,2
BATCH_50074,2026-01-15,INS_02,50,1
BATCH_50075,2026-01-16,INS_02,50,1
BATCH_50076,2026-01-16,INS_01,50,2
BATCH_50077,2026-01-16,INS_01,50,2
BATCH_50078,2026-01-16,INS_04,50,3
BATCH_50079,2026-01-16,INS_03,50,7
BATCH_50080,2026-01-17,INS_03,50,1
BATCH_50081,2026-01-17,INS_01,50,2
BATCH_50082,2026-01-17,INS_04,50,2
BATCH_50083,2026-01-17,INS_04,50,1
BATCH_50084,2026-01-17,INS_02,50,1
BATCH_50085,2026-01-18,INS_02,50,0
BATCH_50086,2026-01-18,INS_04,50,4
BATCH_50087,2026-01-18,INS_02,50,2
BATCH_50088,2026-01-18,INS_01,50,2
BATCH_50089,2026-01-18,INS_04,50,4
BATCH_50090,2026-01-19,INS_02,50,3
BATCH_50091,2026-01-19,INS_03,50,1
BATCH_50092,2026-01-19,INS_04,50,2
BATCH_50093,2026-01-19,INS_04,50,2
BATCH_50094,2026-01-19,INS_03,50,3
BATCH_50095,2026-01-20,INS_01,50,3
BATCH_50096,2026-01-20,INS_03,50,3
BATCH_50097,2026-01-20,INS_04,50,1
BATCH_50098,2026-01-20,INS_01,50,3
BATCH_50099,2026-01-20,INS_02,50,0
BATCH_50100,2026-01-21,INS_02,50,1
BATCH_50101,2026-01-21,INS_02,50,1
BATCH_50102,2026-01-21,INS_04,50,0
BATCH_50103,2026-01-21,INS_03,50,1
BATCH_50104,2026-01-21,INS_01,50,3
BATCH_50105,2026-01-22,INS_02,50,4
BATCH_50106,2026-01-22,INS_01,50,1
BATCH_50107,2026-01-22,INS_04,50,1
BATCH_50108,2026-01-22,INS_02,50,1
BATCH_50109,2026-01-22,INS_04,50,1
BATCH_50110,2026-01-23,INS_03,50,0
BATCH_50111,2026-01-23,INS_04,50,4
BATCH_50112,2026-01-23,INS_04,50,1
BATCH_50113,2026-01-23,INS_03,50,2
BATCH_50114,2026-01-23,INS_01,50,0
BATCH_50115,2026-01-24,INS_03,50,3
BATCH_50116,2026-01-24,INS_03,50,3
BATCH_50117,2026-01-24,INS_04,50,4
BATCH_50118,2026-01-24,INS_01,50,3
BATCH_50119,2026-01-24,INS_02,50,1
BATCH_50120,2026-01-25,INS_03,50,1
BATCH_50121,2026-01-25,INS_01,50,3
BATCH_50122,2026-01-25,INS_03,50,1
BATCH_50123,2026-01-25,INS_03,50,2
BATCH_50124,2026-01-25,INS_03,50,0
BATCH_50125,2026-01-26,INS_03,50,0
BATCH_50126,2026-01-26,INS_04,50,2
BATCH_50127,2026-01-26,INS_01,50,2
BATCH_50128,2026-01-26,INS_01,50,3
BATCH_50129,2026-01-26,INS_01,50,1
BATCH_50130,2026-01-27,INS_03,50,2
BATCH_50131,2026-01-27,INS_04,50,1
BATCH_50132,2026-01-27,INS_03,50,0
BATCH_50133,2026-01-27,INS_03,50,2
BATCH_50134,2026-01-27,INS_01,50,1
BATCH_50135,2026-01-28,INS_03,50,1
BATCH_50136,2026-01-28,INS_02,50,1
BATCH_50137,2026-01-28,INS_03,50,1
BATCH_50138,2026-01-28,INS_02,50,0
BATCH_50139,2026-01-28,INS_03,50,0
BATCH_50140,2026-01-29,INS_04,50,1
BATCH_50141,2026-01-29,INS_04,50,0
BATCH_50142,2026-01-29,INS_01,50,2
BATCH_50143,2026-01-29,INS_03,50,1
BATCH_50144,2026-01-29,INS_02,50,1
BATCH_50145,2026-01-30,INS_02,50,1
BATCH_50146,2026-01-30,INS_03,50,2
BATCH_50147,2026-01-30,INS_02,50,4
BATCH_50148,2026-01-30,INS_04,50,3
BATCH_50149,2026-01-30,INS_02,50,3
BATCH_50150,2026-01-31,INS_01,50,2
BATCH_50151,2026-01-31,INS_04,50,3
BATCH_50152,2026-01-31,INS_04,50,2
BATCH_50153,2026-01-31,INS_04,50,1
BATCH_50154,2026-01-31,INS_03,50,1
BATCH_50155,2026-02-01,INS_03,50,1
BATCH_50156,2026-02-01,INS_04,50,4
BATCH_50157,2026-02-01,INS_03,50,2
BATCH_50158,2026-02-01,INS_02,50,3
BATCH_50159,2026-02-01,INS_03,50,1
BATCH_50160,2026-02-02,INS_03,50,2
BATCH_50161,2026-02-02,INS_04,50,0
BATCH_50162,2026-02-02,INS_01,50,1
BATCH_50163,2026-02-02,INS_01,50,3
BATCH_50164,2026-02-02,INS_01,50,2
BATCH_50165,2026-02-03,INS_02,50,1
BATCH_50166,2026-02-03,INS_03,50,3
BATCH_50167,2026-02-03,INS_01,50,1
BATCH_50168,2026-02-03,INS_04,50,5
BATCH_50169,2026-02-03,INS_01,50,1
BATCH_50170,2026-02-04,INS_01,50,1
BATCH_50171,2026-02-04,INS_03,50,1
BATCH_50172,2026-02-04,INS_03,50,0
BATCH_50173,2026-02-04,INS_03,50,0
BATCH_50174,2026-02-04,INS_02,50,2
BATCH_50175,2026-02-05,INS_02,50,4
BATCH_50176,2026-02-05,INS_01,50,3
BATCH_50177,2026-02-05,INS_03,50,1
BATCH_50178,2026-02-05,INS_01,50,2
BATCH_50179,2026-02-05,INS_04,50,0
BATCH_50180,2026-02-06,INS_04,50,0
BATCH_50181,2026-02-06,INS_03,50,2
BATCH_50182,2026-02-06,INS_03,50,2
BATCH_50183,2026-02-06,INS_04,50,0
BATCH_50184,2026-02-06,INS_03,50,0
BATCH_50185,2026-02-07,INS_02,50,6
BATCH_50186,2026-02-07,INS_02,50,0
BATCH_50187,2026-02-07,INS_03,50,2
BATCH_50188,2026-02-07,INS_04,50,2
BATCH_50189,2026-02-07,INS_01,50,0
BATCH_50190,2026-02-08,INS_03,50,1
BATCH_50191,2026-02-08,INS_03,50,1
BATCH_50192,2026-02-08,INS_01,50,3
BATCH_50193,2026-02-08,INS_03,50,2
BATCH_50194,2026-02-08,INS_01,50,2
BATCH_50195,2026-02-09,INS_04,50,5
BATCH_50196,2026-02-09,INS_02,50,3
BATCH_50197,2026-02-09,INS_04,50,2
BATCH_50198,2026-02-09,INS_02,50,2
BATCH_50199,2026-02-09,INS_01,50,2
BATCH_50200,2026-02-10,INS_02,50,2
BATCH_50201,2026-02-10,INS_04,50,2
BATCH_50202,2026-02-10,INS_02,50,2
BATCH_50203,2026-02-10,INS_01,50,0
BATCH_50204,2026-02-10,INS_02,50,2
BATCH_50205,2026-02-11,INS_03,50,1
BATCH_50206,2026-02-11,INS_04,50,0
BATCH_50207,2026-02-11,INS_03,50,0
BATCH_50208,2026-02-11,INS_01,50,2
BATCH_50209,2026-02-11,INS_02,50,2
BATCH_50210,2026-02-12,INS_03,50,1
BATCH_50211,2026-02-12,INS_03,50,2
BATCH_50212,2026-02-12,INS_02,50,2
BATCH_50213,2026-02-12,INS_02,50,1
BATCH_50214,2026-02-12,INS_04,50,2
BATCH_50215,2026-02-13,INS_03,50,3
BATCH_50216,2026-02-13,INS_03,50,3
BATCH_50217,2026-02-13,INS_01,50,2
BATCH_50218,2026-02-13,INS_04,50,2
BATCH_50219,2026-02-13,INS_01,50,0
BATCH_50220,2026-02-14,INS_03,50,1
BATCH_50221,2026-02-14,INS_01,50,0
BATCH_50222,2026-02-14,INS_03,50,5
BATCH_50223,2026-02-14,INS_03,50,1
BATCH_50224,2026-02-14,INS_01,50,1
BATCH_50225,2026-02-15,INS_01,50,4
BATCH_50226,2026-02-15,INS_02,50,4
BATCH_50227,2026-02-15,INS_02,50,3
BATCH_50228,2026-02-15,INS_02,50,0
BATCH_50229,2026-02-15,INS_03,50,0
BATCH_50230,2026-02-16,INS_01,50,1
BATCH_50231,2026-02-16,INS_04,50,1
BATCH_50232,2026-02-16,INS_03,50,0
BATCH_50233,2026-02-16,INS_04,50,2
BATCH_50234,2026-02-16,INS_01,50,4
BATCH_50235,2026-02-17,INS_03,50,1
BATCH_50236,2026-02-17,INS_04,50,2
BATCH_50237,2026-02-17,INS_04,50,2
BATCH_50238,2026-02-17,INS_02,50,1
BATCH_50239,2026-02-17,INS_02,50,2
BATCH_50240,2026-02-18,INS_02,50,1
BATCH_50241,2026-02-18,INS_03,50,0
BATCH_50242,2026-02-18,INS_01,50,3
BATCH_50243,2026-02-18,INS_01,50,0
BATCH_50244,2026-02-18,INS_02,50,7
BATCH_50245,2026-02-19,INS_02,50,1
BATCH_50246,2026-02-19,INS_02,50,2
BATCH_50247,2026-02-19,INS_04,50,2
BATCH_50248,2026-02-19,INS_02,50,0
BATCH_50249,2026-02-19,INS_04,50,0
BATCH_50250,2026-02-20,INS_01,50,2
BATCH_50251,2026-02-20,INS_03,50,3
BATCH_50252,2026-02-20,INS_03,50,3
BATCH_50253,2026-02-20,INS_03,50,2
BATCH_50254,2026-02-20,INS_03,50,3
BATCH_50255,2026-02-21,INS_04,50,2
BATCH_50256,2026-02-21,INS_04,50,3
BATCH_50257,2026-02-21,INS_02,50,2
BATCH_50258,2026-02-21,INS_04,50,2
BATCH_50259,2026-02-21,INS_02,50,3
BATCH_50260,2026-02-22,INS_02,50,1
BATCH_50261,2026-02-22,INS_03,50,3
BATCH_50262,2026-02-22,INS_04,50,2
BATCH_50263,2026-02-22,INS_04,50,1
BATCH_50264,2026-02-22,INS_02,50,0
BATCH_50265,2026-02-23,INS_02,50,1
BATCH_50266,2026-02-23,INS_01,50,2
BATCH_50267,2026-02-23,INS_01,50,3
BATCH_50268,2026-02-23,INS_02,50,0
BATCH_50269,2026-02-23,INS_01,50,3
BATCH_50270,2026-02-24,INS_01,50,4
BATCH_50271,2026-02-24,INS_02,50,1
BATCH_50272,2026-02-24,INS_02,50,3
BATCH_50273,2026-02-24,INS_04,50,6
BATCH_50274,2026-02-24,INS_02,50,3
BATCH_50275,2026-02-25,INS_02,50,3
BATCH_50276,2026-02-25,INS_03,50,6
BATCH_50277,2026-02-25,INS_04,50,2
BATCH_50278,2026-02-25,INS_04,50,1
BATCH_50279,2026-02-25,INS_04,50,3
BATCH_50280,2026-02-26,INS_03,50,2
BATCH_50281,2026-02-26,INS_02,50,2
BATCH_50282,2026-02-26,INS_04,50,1
BATCH_50283,2026-02-26,INS_04,50,3
BATCH_50284,2026-02-26,INS_01,50,0
BATCH_50285,2026-02-27,INS_04,50,4
BATCH_50286,2026-02-27,INS_02,50,1
BATCH_50287,2026-02-27,INS_02,50,0
BATCH_50288,2026-02-27,INS_01,50,2
BATCH_50289,2026-02-27,INS_04,50,0
BATCH_50290,2026-02-28,INS_04,50,3
BATCH_50291,2026-02-28,INS_04,50,4
BATCH_50292,2026-02-28,INS_03,50,3
BATCH_50293,2026-02-28,INS_04,50,0
BATCH_50294,2026-02-28,INS_02,50,0
BATCH_50295,2026-03-01,INS_02,50,3
BATCH_50296,2026-03-01,INS_03,50,4
BATCH_50297,2026-03-01,INS_03,50,2
BATCH_50298,2026-03-01,INS_04,50,2
BATCH_50299,2026-03-01,INS_01,50,1
BATCH_50300,2026-03-02,INS_03,50,4
BATCH_50301,2026-03-02,INS_03,50,2
BATCH_50302,2026-03-02,INS_04,50,1
BATCH_50303,2026-03-02,INS_04,50,1
BATCH_50304,2026-03-02,INS_03,50,4
BATCH_50305,2026-03-03,INS_01,50,0
BATCH_50306,2026-03-03,INS_03,50,1
BATCH_50307,2026-03-03,INS_04,50,2
BATCH_50308,2026-03-03,INS_04,50,1
BATCH_50309,2026-03-03,INS_03,50,0
BATCH_50310,2026-03-04,INS_01,50,3
BATCH_50311,2026-03-04,INS_03,50,4
BATCH_50312,2026-03-04,INS_03,50,3
BATCH_50313,2026-03-04,INS_04,50,4
BATCH_50314,2026-03-04,INS_01,50,2
BATCH_50315,2026-03-05,INS_02,50,3
BATCH_50316,2026-03-05,INS_01,50,1
BATCH_50317,2026-03-05,INS_03,50,2
BATCH_50318,2026-03-05,INS_03,50,6
BATCH_50319,2026-03-05,INS_03,50,1
BATCH_50320,2026-03-06,INS_01,50,1
BATCH_50321,2026-03-06,INS_04,50,2
BATCH_50322,2026-03-06,INS_03,50,1
BATCH_50323,2026-03-06,INS_03,50,0
BATCH_50324,2026-03-06,INS_01,50,3
BATCH_50325,2026-03-07,INS_02,50,5
BATCH_50326,2026-03-07,INS_02,50,2
BATCH_50327,2026-03-07,INS_04,50,0
BATCH_50328,2026-03-07,INS_04,50,0
BATCH_50329,2026-03-07,INS_03,50,4
BATCH_50330,2026-03-08,INS_01,50,2
BATCH_50331,2026-03-08,INS_03,50,1
BATCH_50332,2026-03-08,INS_04,50,2
BATCH_50333,2026-03-08,INS_01,50,1
BATCH_50334,2026-03-08,INS_01,50,2
BATCH_50335,2026-03-09,INS_04,50,3
BATCH_50336,2026-03-09,INS_02,50,2
BATCH_50337,2026-03-09,INS_02,50,3
BATCH_50338,2026-03-09,INS_01,50,1
BATCH_50339,2026-03-09,INS_03,50,3
BATCH_50340,2026-03-10,INS_02,50,2
BATCH_50341,2026-03-10,INS_03,50,0
BATCH_50342,2026-03-10,INS_02,50,2
BATCH_50343,2026-03-10,INS_02,50,1
BATCH_50344,2026-03-10,INS_03,50,3
BATCH_50345,2026-03-11,INS_04,50,2
BATCH_50346,2026-03-11,INS_02,50,6
BATCH_50347,2026-03-11,INS_02,50,0
BATCH_50348,2026-03-11,INS_03,50,3
BATCH_50349,2026-03-11,INS_04,50,2
BATCH_50350,2026-03-12,INS_02,50,3
BATCH_50351,2026-03-12,INS_02,50,1
BATCH_50352,2026-03-12,INS_04,50,2
BATCH_50353,2026-03-12,INS_02,50,3
BATCH_50354,2026-03-12,INS_04,50,1
BATCH_50355,2026-03-13,INS_04,50,1
BATCH_50356,2026-03-13,INS_03,50,2
BATCH_50357,2026-03-13,INS_01,50,2
BATCH_50358,2026-03-13,INS_04,50,1
BATCH_50359,2026-03-13,INS_03,50,1
BATCH_50360,2026-03-14,INS_01,50,1
BATCH_50361,2026-03-14,INS_02,50,3
BATCH_50362,2026-03-14,INS_01,50,2
BATCH_50363,2026-03-14,INS_04,50,3
BATCH_50364,2026-03-14,INS_04,50,5
BATCH_50365,2026-03-15,INS_04,50,2
BATCH_50366,2026-03-15,INS_04,50,0
BATCH_50367,2026-03-15,INS_04,50,0
BATCH_50368,2026-03-15,INS_03,50,1
BATCH_50369,2026-03-15,INS_04,50,4
BATCH_50370,2026-03-16,INS_03,50,2
BATCH_50371,2026-03-16,INS_02,50,1
BATCH_50372,2026-03-16,INS_04,50,1
BATCH_50373,2026-03-16,INS_04,50,2
BATCH_50374,2026-03-16,INS_01,50,2
BATCH_50375,2026-03-17,INS_02,50,1
BATCH_50376,2026-03-17,INS_04,50,5
BATCH_50377,2026-03-17,INS_04,50,2
BATCH_50378,2026-03-17,INS_02,50,1
BATCH_50379,2026-03-17,INS_03,50,4
BATCH_50380,2026-03-18,INS_04,50,0
BATCH_50381,2026-03-18,INS_01,50,4
BATCH_50382,2026-03-18,INS_04,50,7
BATCH_50383,2026-03-18,INS_01,50,3
BATCH_50384,2026-03-18,INS_01,50,3
BATCH_50385,2026-03-19,INS_04,50,1
BATCH_50386,2026-03-19,INS_04,50,4
BATCH_50387,2026-03-19,INS_01,50,2
BATCH_50388,2026-03-19,INS_02,50,3
BATCH_50389,2026-03-19,INS_02,50,4
BATCH_50390,2026-03-20,INS_04,50,5
BATCH_50391,2026-03-20,INS_03,50,3
BATCH_50392,2026-03-20,INS_02,50,1
BATCH_50393,2026-03-20,INS_04,50,5
BATCH_50394,2026-03-20,INS_02,50,2
BATCH_50395,2026-03-21,INS_03,50,4
BATCH_50396,2026-03-21,INS_04,50,2
BATCH_50397,2026-03-21,INS_03,50,1
BATCH_50398,2026-03-21,INS_04,50,1
BATCH_50399,2026-03-21,INS_03,50,2
BATCH_50400,2026-03-22,INS_02,50,3
BATCH_50401,2026-03-22,INS_02,50,1
BATCH_50402,2026-03-22,INS_03,50,2
BATCH_50403,2026-03-22,INS_03,50,1
BATCH_50404,2026-03-22,INS_03,50,3
BATCH_50405,2026-03-23,INS_04,50,2
BATCH_50406,2026-03-23,INS_02,50,0
BATCH_50407,2026-03-23,INS_04,50,1
BATCH_50408,2026-03-23,INS_02,50,0
BATCH_50409,2026-03-23,INS_01,50,2
BATCH_50410,2026-03-24,INS_04,50,0
BATCH_50411,2026-03-24,INS_02,50,0
BATCH_50412,2026-03-24,INS_02,50,4
BATCH_50413,2026-03-24,INS_04,50,4
BATCH_50414,2026-03-24,INS_04,50,2
BATCH_50415,2026-03-25,INS_02,50,6
BATCH_50416,2026-03-25,INS_04,50,0
BATCH_50417,2026-03-25,INS_03,50,2
BATCH_50418,2026-03-25,INS_04,50,2
BATCH_50419,2026-03-25,INS_04,50,2
BATCH_50420,2026-03-26,INS_04,50,1
BATCH_50421,2026-03-26,INS_02,50,2
BATCH_50422,2026-03-26,INS_03,50,2
BATCH_50423,2026-03-26,INS_01,50,3
BATCH_50424,2026-03-26,INS_01,50,1
BATCH_50425,2026-03-27,INS_03,50,1
BATCH_50426,2026-03-27,INS_03,50,1
BATCH_50427,2026-03-27,INS_03,50,1
BATCH_50428,2026-03-27,INS_02,50,2
BATCH_50429,2026-03-27,INS_01,50,0
BATCH_50430,2026-03-28,INS_03,50,4
BATCH_50431,2026-03-28,INS_02,50,1
BATCH_50432,2026-03-28,INS_01,50,1
BATCH_50433,2026-03-28,INS_04,50,2
BATCH_50434,2026-03-28,INS_02,50,0
BATCH_50435,2026-03-29,INS_01,50,2
BATCH_50436,2026-03-29,INS_02,50,3
BATCH_50437,2026-03-29,INS_01,50,1
BATCH_50438,2026-03-29,INS_01,50,0
BATCH_50439,2026-03-29,INS_04,50,1
BATCH_50440,2026-03-30,INS_02,50,0
BATCH_50441,2026-03-30,INS_03,50,0
BATCH_50442,2026-03-30,INS_04,50,1
BATCH_50443,2026-03-30,INS_04,50,1
BATCH_50444,2026-03-30,INS_01,50,2
BATCH_50445,2026-03-31,INS_03,50,3
BATCH_50446,2026-03-31,INS_02,50,2
BATCH_50447,2026-03-31,INS_03,50,1
BATCH_50448,2026-03-31,INS_03,50,1
BATCH_50449,2026-03-31,INS_03,50,4
BATCH_50450,2026-04-01,INS_03,50,2
BATCH_50451,2026-04-01,INS_03,50,4
BATCH_50452,2026-04-01,INS_01,50,1
BATCH_50453,2026-04-01,INS_01,50,2
BATCH_50454,2026-04-01,INS_04,50,2
BATCH_50455,2026-04-02,INS_01,50,1
BATCH_50456,2026-04-02,INS_04,50,2
BATCH_50457,2026-04-02,INS_04,50,2
BATCH_50458,2026-04-02,INS_02,50,1
BATCH_50459,2026-04-02,INS_03,50,1
BATCH_50460,2026-04-03,INS_01,50,3
BATCH_50461,2026-04-03,INS_02,50,4
BATCH_50462,2026-04-03,INS_01,50,1
BATCH_50463,2026-04-03,INS_04,50,1
BATCH_50464,2026-04-03,INS_01,50,1
BATCH_50465,2026-04-04,INS_03,50,3
BATCH_50466,2026-04-04,INS_04,50,1
BATCH_50467,2026-04-04,INS_04,50,6
BATCH_50468,2026-04-04,INS_02,50,1
BATCH_50469,2026-04-04,INS_03,50,1
BATCH_50470,2026-04-05,INS_04,50,2
BATCH_50471,2026-04-05,INS_03,50,3
BATCH_50472,2026-04-05,INS_01,50,2
BATCH_50473,2026-04-05,INS_03,50,2
BATCH_50474,2026-04-05,INS_04,50,6
BATCH_50475,2026-04-06,INS_02,50,0
BATCH_50476,2026-04-06,INS_04,50,4
BATCH_50477,2026-04-06,INS_03,50,1
BATCH_50478,2026-04-06,INS_03,50,3
BATCH_50479,2026-04-06,INS_04,50,2
BATCH_50480,2026-04-07,INS_03,50,1
BATCH_50481,2026-04-07,INS_01,50,4
BATCH_50482,2026-04-07,INS_04,50,0
BATCH_50483,2026-04-07,INS_02,50,1
BATCH_50484,2026-04-07,INS_04,50,2
BATCH_50485,2026-04-08,INS_01,50,1
BATCH_50486,2026-04-08,INS_01,50,2
BATCH_50487,2026-04-08,INS_01,50,0
BATCH_50488,2026-04-08,INS_01,50,0
BATCH_50489,2026-04-08,INS_01,50,0
BATCH_50490,2026-04-09,INS_02,50,1
BATCH_50491,2026-04-09,INS_03,50,2
BATCH_50492,2026-04-09,INS_01,50,3
BATCH_50493,2026-04-09,INS_01,50,4
BATCH_50494,2026-04-09,INS_04,50,3
BATCH_50495,2026-04-10,INS_02,50,1
BATCH_50496,2026-04-10,INS_02,50,2
BATCH_50497,2026-04-10,INS_03,50,1
BATCH_50498,2026-04-10,INS_02,50,1
BATCH_50499,2026-04-10,INS_04,50,2
BATCH_50500,2026-04-11,INS_04,50,0
BATCH_50501,2026-04-11,INS_03,50,1
BATCH_50502,2026-04-11,INS_04,50,4
BATCH_50503,2026-04-11,INS_01,50,2
BATCH_50504,2026-04-11,INS_01,50,2
BATCH_50505,2026-04-12,INS_04,50,0
BATCH_50506,2026-04-12,INS_03,50,1
BATCH_50507,2026-04-12,INS_02,50,4
BATCH_50508,2026-04-12,INS_03,50,1
BATCH_50509,2026-04-12,INS_02,50,2
BATCH_50510,2026-04-13,INS_04,50,0
BATCH_50511,2026-04-13,INS_04,50,2
BATCH_50512,2026-04-13,INS_01,50,0
BATCH_50513,2026-04-13,INS_02,50,3
BATCH_50514,2026-04-13,INS_03,50,3
BATCH_50515,2026-04-14,INS_04,50,3
BATCH_50516,2026-04-14,INS_03,50,1
BATCH_50517,2026-04-14,INS_01,50,3
BATCH_50518,2026-04-14,INS_02,50,2
BATCH_50519,2026-04-14,INS_02,50,1
BATCH_50520,2026-04-15,INS_04,50,2
BATCH_50521,2026-04-15,INS_02,50,0
BATCH_50522,2026-04-15,INS_04,50,1
BATCH_50523,2026-04-15,INS_01,50,3
BATCH_50524,2026-04-15,INS_02,50,1
BATCH_50525,2026-04-16,INS_04,50,2
BATCH_50526,2026-04-16,INS_03,50,1
BATCH_50527,2026-04-16,INS_04,50,3
BATCH_50528,2026-04-16,INS_02,50,5
BATCH_50529,2026-04-16,INS_01,50,4
BATCH_50530,2026-04-17,INS_02,50,1
BATCH_50531,2026-04-17,INS_02,50,1
BATCH_50532,2026-04-17,INS_04,50,2
BATCH_50533,2026-04-17,INS_03,50,0
BATCH_50534,2026-04-17,INS_02,50,0
BATCH_50535,2026-04-18,INS_03,50,2
BATCH_50536,2026-04-18,INS_04,50,2
BATCH_50537,2026-04-18,INS_03,50,6
BATCH_50538,2026-04-18,INS_04,50,1
BATCH_50539,2026-04-18,INS_01,50,1
BATCH_50540,2026-04-19,INS_03,50,0
BATCH_50541,2026-04-19,INS_03,50,4
BATCH_50542,2026-04-19,INS_01,50,3
BATCH_50543,2026-04-19,INS_03,50,3
BATCH_50544,2026-04-19,INS_01,50,4
BATCH_50545,2026-04-20,INS_02,50,2
BATCH_50546,2026-04-20,INS_04,50,2
BATCH_50547,2026-04-20,INS_01,50,1
BATCH_50548,2026-04-20,INS_03,50,2
BATCH_50549,2026-04-20,INS_01,50,2
BATCH_50550,2026-04-21,INS_03,50,2
BATCH_50551,2026-04-21,INS_02,50,4
BATCH_50552,2026-04-21,INS_01,50,5
BATCH_50553,2026-04-21,INS_02,50,3
BATCH_50554,2026-04-21,INS_04,50,3
BATCH_50555,2026-04-22,INS_03,50,3
BATCH_50556,2026-04-22,INS_03,50,1
BATCH_50557,2026-04-22,INS_02,50,0
BATCH_50558,2026-04-22,INS_04,50,3
BATCH_50559,2026-04-22,INS_01,50,3
BATCH_50560,2026-04-23,INS_01,50,0
BATCH_50561,2026-04-23,INS_03,50,4
BATCH_50562,2026-04-23,INS_02,50,0
BATCH_50563,2026-04-23,INS_02,50,1
BATCH_50564,2026-04-23,INS_01,50,2
BATCH_50565,2026-04-24,INS_04,50,1
BATCH_50566,2026-04-24,INS_04,50,0
BATCH_50567,2026-04-24,INS_01,50,1
BATCH_50568,2026-04-24,INS_01,50,3
BATCH_50569,2026-04-24,INS_02,50,2
BATCH_50570,2026-04-25,INS_04,50,2
BATCH_50571,2026-04-25,INS_01,50,2
BATCH_50572,2026-04-25,INS_01,50,0
BATCH_50573,2026-04-25,INS_03,50,6
BATCH_50574,2026-04-25,INS_01,50,0
BATCH_50575,2026-04-26,INS_01,50,5
BATCH_50576,2026-04-26,INS_04,50,2
BATCH_50577,2026-04-26,INS_02,50,5
BATCH_50578,2026-04-26,INS_04,50,0
BATCH_50579,2026-04-26,INS_02,50,2
BATCH_50580,2026-04-27,INS_03,50,1
BATCH_50581,2026-04-27,INS_01,50,0
BATCH_50582,2026-04-27,INS_03,50,2
BATCH_50583,2026-04-27,INS_02,50,1
BATCH_50584,2026-04-27,INS_04,50,2
BATCH_50585,2026-04-28,INS_04,50,0
BATCH_50586,2026-04-28,INS_03,50,1
BATCH_50587,2026-04-28,INS_02,50,3
BATCH_50588,2026-04-28,INS_03,50,2
BATCH_50589,2026-04-28,INS_03,50,2
BATCH_50590,2026-04-29,INS_01,50,2
BATCH_50591,2026-04-29,INS_03,50,3
BATCH_50592,2026-04-29,INS_01,50,1
BATCH_50593,2026-04-29,INS_01,50,3
BATCH_50594,2026-04-29,INS_04,50,5
BATCH_50595,2026-04-30,INS_01,50,3
BATCH_50596,2026-04-30,INS_01,50,2
BATCH_50597,2026-04-30,INS_04,50,2
BATCH_50598,2026-04-30,INS_03,50,3
BATCH_50599,2026-04-30,INS_02,50,2
BATCH_50600,2026-05-01,INS_02,50,0
BATCH_50601,2026-05-01,INS_02,50,1
BATCH_50602,2026-05-01,INS_03,50,3
BATCH_50603,2026-05-01,INS_01,50,1
BATCH_50604,2026-05-01,INS_02,50,3
BATCH_50605,2026-05-02,INS_03,50,1
BATCH_50606,2026-05-02,INS_01,50,2
BATCH_50607,2026-05-02,INS_04,50,0
BATCH_50608,2026-05-02,INS_02,50,1
BATCH_50609,2026-05-02,INS_01,50,5
BATCH_50610,2026-05-03,INS_02,50,4
BATCH_50611,2026-05-03,INS_02,50,2
BATCH_50612,2026-05-03,INS_02,50,2
BATCH_50613,2026-05-03,INS_01,50,2
BATCH_50614,2026-05-03,INS_03,50,2
BATCH_50615,2026-05-04,INS_01,50,2
BATCH_50616,2026-05-04,INS_02,50,0
BATCH_50617,2026-05-04,INS_01,50,2
BATCH_50618,2026-05-04,INS_04,50,3
BATCH_50619,2026-05-04,INS_03,50,6
BATCH_50620,2026-05-05,INS_01,50,0
BATCH_50621,2026-05-05,INS_04,50,3
BATCH_50622,2026-05-05,INS_03,50,2
BATCH_50623,2026-05-05,INS_04,50,2
BATCH_50624,2026-05-05,INS_03,50,0
BATCH_50625,2026-05-06,INS_01,50,2
BATCH_50626,2026-05-06,INS_04,50,1
BATCH_50627,2026-05-06,INS_02,50,1
BATCH_50628,2026-05-06,INS_04,50,3
BATCH_50629,2026-05-06,INS_03,50,3
BATCH_50630,2026-05-07,INS_01,50,2
BATCH_50631,2026-05-07,INS_03,50,4
BATCH_50632,2026-05-07,INS_04,50,1
BATCH_50633,2026-05-07,INS_04,50,1
BATCH_50634,2026-05-07,INS_02,50,2
BATCH_50635,2026-05-08,INS_01,50,1
BATCH_50636,2026-05-08,INS_01,50,1
BATCH_50637,2026-05-08,INS_04,50,1
BATCH_50638,2026-05-08,INS_01,50,0
BATCH_50639,2026-05-08,INS_02,50,3
BATCH_50640,2026-05-09,INS_03,50,1
BATCH_50641,2026-05-09,INS_01,50,2
BATCH_50642,2026-05-09,INS_04,50,0
BATCH_50643,2026-05-09,INS_03,50,3
BATCH_50644,2026-05-09,INS_03,50,1
BATCH_50645,2026-05-10,INS_02,50,3
BATCH_50646,2026-05-10,INS_04,50,2
BATCH_50647,2026-05-10,INS_01,50,1
BATCH_50648,2026-05-10,INS_04,50,2
BATCH_50649,2026-05-10,INS_03,50,1
BATCH_50650,2026-05-11,INS_04,50,2
BATCH_50651,2026-05-11,INS_01,50,1
BATCH_50652,2026-05-11,INS_01,50,4
BATCH_50653,2026-05-11,INS_02,50,0
BATCH_50654,2026-05-11,INS_01,50,3
BATCH_50655,2026-05-12,INS_01,50,1
BATCH_50656,2026-05-12,INS_04,50,1
BATCH_50657,2026-05-12,INS_04,50,2
BATCH_50658,2026-05-12,INS_03,50,4
BATCH_50659,2026-05-12,INS_02,50,1
BATCH_50660,2026-05-13,INS_04,50,0
BATCH_50661,2026-05-13,INS_01,50,1
BATCH_50662,2026-05-13,INS_03,50,0
BATCH_50663,2026-05-13,INS_04,50,0
BATCH_50664,2026-05-13,INS_02,50,2
BATCH_50665,2026-05-14,INS_02,50,0
BATCH_50666,2026-05-14,INS_03,50,0
BATCH_50667,2026-05-14,INS_03,50,3
BATCH_50668,2026-05-14,INS_03,50,1
BATCH_50669,2026-05-14,INS_03,50,0
BATCH_50670,2026-05-15,INS_03,50,1
BATCH_50671,2026-05-15,INS_01,50,2
BATCH_50672,2026-05-15,INS_01,50,1
BATCH_50673,2026-05-15,INS_04,50,2
BATCH_50674,2026-05-15,INS_02,50,0
BATCH_50675,2026-05-16,INS_01,50,2
BATCH_50676,2026-05-16,INS_01,50,1
BATCH_50677,2026-05-16,INS_01,50,2
BATCH_50678,2026-05-16,INS_04,50,3
BATCH_50679,2026-05-16,INS_03,50,2
BATCH_50680,2026-05-17,INS_04,50,1
BATCH_50681,2026-05-17,INS_02,50,1
BATCH_50682,2026-05-17,INS_02,50,1
BATCH_50683,2026-05-17,INS_02,50,1
BATCH_50684,2026-05-17,INS_02,50,1
BATCH_50685,2026-05-18,INS_01,50,3
BATCH_50686,2026-05-18,INS_01,50,1
BATCH_50687,2026-05-18,INS_04,50,2
BATCH_50688,2026-05-18,INS_03,50,2
BATCH_50689,2026-05-18,INS_02,50,2
BATCH_50690,2026-05-19,INS_04,50,0
BATCH_50691,2026-05-19,INS_01,50,3
BATCH_50692,2026-05-19,INS_01,50,1
BATCH_50693,2026-05-19,INS_03,50,3
BATCH_50694,2026-05-19,INS_03,50,3
BATCH_50695,2026-05-20,INS_03,50,3
BATCH_50696,2026-05-20,INS_04,50,2
BATCH_50697,2026-05-20,INS_01,50,0
BATCH_50698,2026-05-20,INS_01,50,1
BATCH_50699,2026-05-20,INS_03,50,2
BATCH_50700,2026-05-21,INS_02,50,1
BATCH_50701,2026-05-21,INS_03,50,4
BATCH_50702,2026-05-21,INS_04,50,1
BATCH_50703,2026-05-21,INS_03,50,1
BATCH_50704,2026-05-21,INS_03,50,1
BATCH_50705,2026-05-22,INS_04,50,1
BATCH_50706,2026-05-22,INS_03,50,2
BATCH_50707,2026-05-22,INS_01,50,3
BATCH_50708,2026-05-22,INS_02,50,2
BATCH_50709,2026-05-22,INS_03,50,3
BATCH_50710,2026-05-23,INS_04,50,4
BATCH_50711,2026-05-23,INS_02,50,3
BATCH_50712,2026-05-23,INS_04,50,0
BATCH_50713,2026-05-23,INS_02,50,3
BATCH_50714,2026-05-23,INS_02,50,1
BATCH_50715,2026-05-24,INS_03,50,1
BATCH_50716,2026-05-24,INS_01,50,2
BATCH_50717,2026-05-24,INS_03,50,1
BATCH_50718,2026-05-24,INS_04,50,0
BATCH_50719,2026-05-24,INS_04,50,1
BATCH_50720,2026-05-25,INS_02,50,0
BATCH_50721,2026-05-25,INS_02,50,4
BATCH_50722,2026-05-25,INS_01,50,0
BATCH_50723,2026-05-25,INS_03,50,1
BATCH_50724,2026-05-25,INS_04,50,2
BATCH_50725,2026-05-26,INS_02,50,1
BATCH_50726,2026-05-26,INS_01,50,4
BATCH_50727,2026-05-26,INS_04,50,0
BATCH_50728,2026-05-26,INS_02,50,2
BATCH_50729,2026-05-26,INS_04,50,3
BATCH_50730,2026-05-27,INS_01,50,4
BATCH_50731,2026-05-27,INS_01,50,2
BATCH_50732,2026-05-27,INS_04,50,3
BATCH_50733,2026-05-27,INS_03,50,0
BATCH_50734,2026-05-27,INS_04,50,1
BATCH_50735,2026-05-28,INS_02,50,1
BATCH_50736,2026-05-28,INS_03,50,4
BATCH_50737,2026-05-28,INS_02,50,1
BATCH_50738,2026-05-28,INS_04,50,1
BATCH_50739,2026-05-28,INS_03,50,1
BATCH_50740,2026-05-29,INS_02,50,0
BATCH_50741,2026-05-29,INS_04,50,1
BATCH_50742,2026-05-29,INS_04,50,5
BATCH_50743,2026-05-29,INS_03,50,2
BATCH_50744,2026-05-29,INS_04,50,2
BATCH_50745,2026-05-30,INS_01,50,3
BATCH_50746,2026-05-30,INS_02,50,1
BATCH_50747,2026-05-30,INS_02,50,1
BATCH_50748,2026-05-30,INS_04,50,1
BATCH_50749,2026-05-30,INS_04,50,1
BATCH_50750,2026-05-31,INS_01,50,2
BATCH_50751,2026-05-31,INS_03,50,1
BATCH_50752,2026-05-31,INS_04,50,0
BATCH_50753,2026-05-31,INS_04,50,2
BATCH_50754,2026-05-31,INS_04,50,4
BATCH_50755,2026-06-01,INS_04,50,3
BATCH_50756,2026-06-01,INS_02,50,3
BATCH_50757,2026-06-01,INS_04,50,3
BATCH_50758,2026-06-01,INS_02,50,1
BATCH_50759,2026-06-01,INS_04,50,3
BATCH_50760,2026-06-02,INS_03,50,1
BATCH_50761,2026-06-02,INS_01,50,2
BATCH_50762,2026-06-02,INS_03,50,2
BATCH_50763,2026-06-02,INS_04,50,0
BATCH_50764,2026-06-02,INS_04,50,3
BATCH_50765,2026-06-03,INS_04,50,4
BATCH_50766,2026-06-03,INS_03,50,1
BATCH_50767,2026-06-03,INS_04,50,3
BATCH_50768,2026-06-03,INS_03,50,0
BATCH_50769,2026-06-03,INS_02,50,2
BATCH_50770,2026-06-04,INS_01,50,2
BATCH_50771,2026-06-04,INS_01,50,2
BATCH_50772,2026-06-04,INS_03,50,4
BATCH_50773,2026-06-04,INS_02,50,4
BATCH_50774,2026-06-04,INS_03,50,3
BATCH_50775,2026-06-05,INS_02,50,1
BATCH_50776,2026-06-05,INS_04,50,4
BATCH_50777,2026-06-05,INS_02,50,0
BATCH_50778,2026-06-05,INS_02,50,3
BATCH_50779,2026-06-05,INS_02,50,1
BATCH_50780,2026-06-06,INS_01,50,0
BATCH_50781,2026-06-06,INS_02,50,2
BATCH_50782,2026-06-06,INS_04,50,1
BATCH_50783,2026-06-06,INS_04,50,1
BATCH_50784,2026-06-06,INS_04,50,1
BATCH_50785,2026-06-07,INS_02,50,0
BATCH_50786,2026-06-07,INS_03,50,1
BATCH_50787,2026-06-07,INS_03,50,0
BATCH_50788,2026-06-07,INS_04,50,2
BATCH_50789,2026-06-07,INS_01,50,0
BATCH_50790,2026-06-08,INS_03,50,3
BATCH_50791,2026-06-08,INS_02,50,1
BATCH_50792,2026-06-08,INS_03,50,4
BATCH_50793,2026-06-08,INS_04,50,4
BATCH_50794,2026-06-08,INS_01,50,1
BATCH_50795,2026-06-09,INS_03,50,3
BATCH_50796,2026-06-09,INS_03,50,3
BATCH_50797,2026-06-09,INS_04,50,6
BATCH_50798,2026-06-09,INS_01,50,2
BATCH_50799,2026-06-09,INS_01,50,0
BATCH_50800,2026-06-10,INS_04,50,2
BATCH_50801,2026-06-10,INS_02,50,2
BATCH_50802,2026-06-10,INS_03,50,2
BATCH_50803,2026-06-10,INS_02,50,1
BATCH_50804,2026-06-10,INS_03,50,3
BATCH_50805,2026-06-11,INS_03,50,5
BATCH_50806,2026-06-11,INS_02,50,1
BATCH_50807,2026-06-11,INS_04,50,0
BATCH_50808,2026-06-11,INS_04,50,1
BATCH_50809,2026-06-11,INS_03,50,3
BATCH_50810,2026-06-12,INS_04,50,2
BATCH_50811,2026-06-12,INS_03,50,2
BATCH_50812,2026-06-12,INS_04,50,2
BATCH_50813,2026-06-12,INS_03,50,2
BATCH_50814,2026-06-12,INS_04,50,1
BATCH_50815,2026-06-13,INS_01,50,2
BATCH_50816,2026-06-13,INS_02,50,3
BATCH_50817,2026-06-13,INS_01,50,5
BATCH_50818,2026-06-13,INS_02,50,4
BATCH_50819,2026-06-13,INS_02,50,4
BATCH_50820,2026-06-14,INS_03,50,2
BATCH_50821,2026-06-14,INS_02,50,2
BATCH_50822,2026-06-14,INS_01,50,3
BATCH_50823,2026-06-14,INS_01,50,4
BATCH_50824,2026-06-14,INS_04,50,1
BATCH_50825,2026-06-15,INS_01,50,1
BATCH_50826,2026-06-15,INS_04,50,1
BATCH_50827,2026-06-15,INS_02,50,2
BATCH_50828,2026-06-15,INS_01,50,1
BATCH_50829,2026-06-15,INS_02,50,1
BATCH_50830,2026-06-16,INS_01,50,0
BATCH_50831,2026-06-16,INS_01,50,1
BATCH_50832,2026-06-16,INS_04,50,4
BATCH_50833,2026-06-16,INS_02,50,1
BATCH_50834,2026-06-16,INS_01,50,3
BATCH_50835,2026-06-17,INS_03,50,2
BATCH_50836,2026-06-17,INS_02,50,4
BATCH_50837,2026-06-17,INS_02,50,1
BATCH_50838,2026-06-17,INS_02,50,5
BATCH_50839,2026-06-17,INS_04,50,2
BATCH_50840,2026-06-18,INS_03,50,6
BATCH_50841,2026-06-18,INS_02,50,4
BATCH_50842,2026-06-18,INS_01,50,1
BATCH_50843,2026-06-18,INS_01,50,0
BATCH_50844,2026-06-18,INS_04,50,1
BATCH_50845,2026-06-19,INS_01,50,2
BATCH_50846,2026-06-19,INS_02,50,1
BATCH_50847,2026-06-19,INS_01,50,1
BATCH_50848,2026-06-19,INS_02,50,2
BATCH_50849,2026-06-19,INS_01,50,0
BATCH_50850,2026-06-20,INS_03,50,0
BATCH_50851,2026-06-20,INS_04,50,2
BATCH_50852,2026-06-20,INS_04,50,0
BATCH_50853,2026-06-20,INS_03,50,1
BATCH_50854,2026-06-20,INS_03,50,2
BATCH_50855,2026-06-21,INS_04,50,2
BATCH_50856,2026-06-21,INS_03,50,4
BATCH_50857,2026-06-21,INS_02,50,2
BATCH_50858,2026-06-21,INS_01,50,2
BATCH_50859,2026-06-21,INS_04,50,2
BATCH_50860,2026-06-22,INS_03,50,3
BATCH_50861,2026-06-22,INS_02,50,4
BATCH_50862,2026-06-22,INS_04,50,3
BATCH_50863,2026-06-22,INS_03,50,2
BATCH_50864,2026-06-22,INS_04,50,1
BATCH_50865,2026-06-23,INS_03,50,1
BATCH_50866,2026-06-23,INS_04,50,0
BATCH_50867,2026-06-23,INS_02,50,4
BATCH_50868,2026-06-23,INS_02,50,2
BATCH_50869,2026-06-23,INS_01,50,3
BATCH_50870,2026-06-24,INS_04,50,1
BATCH_50871,2026-06-24,INS_01,50,3
BATCH_50872,2026-06-24,INS_04,50,1
BATCH_50873,2026-06-24,INS_03,50,0
BATCH_50874,2026-06-24,INS_03,50,1
BATCH_50875,2026-06-25,INS_01,50,2
BATCH_50876,2026-06-25,INS_04,50,2
BATCH_50877,2026-06-25,INS_01,50,4
BATCH_50878,2026-06-25,INS_02,50,0
BATCH_50879,2026-06-25,INS_01,50,2
BATCH_50880,2026-06-26,INS_01,50,2
BATCH_50881,2026-06-26,INS_03,50,1
BATCH_50882,2026-06-26,INS_01,50,3
BATCH_50883,2026-06-26,INS_04,50,3
BATCH_50884,2026-06-26,INS_03,50,3
BATCH_50885,2026-06-27,INS_01,50,4
BATCH_50886,2026-06-27,INS_02,50,3
BATCH_50887,2026-06-27,INS_01,50,1
BATCH_50888,2026-06-27,INS_01,50,3
BATCH_50889,2026-06-27,INS_01,50,1
BATCH_50890,2026-06-28,INS_03,50,1
BATCH_50891,2026-06-28,INS_04,50,0
BATCH_50892,2026-06-28,INS_02,50,3
BATCH_50893,2026-06-28,INS_01,50,3
BATCH_50894,2026-06-28,INS_04,50,1
BATCH_50895,2026-06-29,INS_04,50,3
BATCH_50896,2026-06-29,INS_03,50,4
BATCH_50897,2026-06-29,INS_02,50,0
BATCH_50898,2026-06-29,INS_03,50,1
BATCH_50899,2026-06-29,INS_04,50,3
BATCH_50900,2026-06-30,INS_04,50,1
BATCH_50901,2026-06-30,INS_04,50,2
BATCH_50902,2026-06-30,INS_03,50,0
BATCH_50903,2026-06-30,INS_02,50,2
BATCH_50904,2026-06-30,INS_01,50,3
BATCH_50905,2026-07-01,INS_03,50,3
BATCH_50906,2026-07-01,INS_04,50,3
BATCH_50907,2026-07-01,INS_03,50,4
BATCH_50908,2026-07-01,INS_04,50,3
BATCH_50909,2026-07-01,INS_01,50,2
BATCH_50910,2026-07-02,INS_01,50,0
BATCH_50911,2026-07-02,INS_02,50,2
BATCH_50912,2026-07-02,INS_04,50,0
BATCH_50913,2026-07-02,INS_02,50,3
BATCH_50914,2026-07-02,INS_02,50,1
BATCH_50915,2026-07-03,INS_01,50,2
BATCH_50916,2026-07-03,INS_03,50,1
BATCH_50917,2026-07-03,INS_03,50,3
BATCH_50918,2026-07-03,INS_02,50,4
BATCH_50919,2026-07-03,INS_01,50,1
BATCH_50920,2026-07-04,INS_04,50,4
BATCH_50921,2026-07-04,INS_03,50,1
BATCH_50922,2026-07-04,INS_02,50,2
BATCH_50923,2026-07-04,INS_03,50,3
BATCH_50924,2026-07-04,INS_03,50,1
BATCH_50925,2026-07-05,INS_04,50,5
BATCH_50926,2026-07-05,INS_01,50,0
BATCH_50927,2026-07-05,INS_04,50,0
BATCH_50928,2026-07-05,INS_01,50,4
BATCH_50929,2026-07-05,INS_03,50,0
BATCH_50930,2026-07-06,INS_02,50,6
BATCH_50931,2026-07-06,INS_04,50,5
BATCH_50932,2026-07-06,INS_01,50,1
BATCH_50933,2026-07-06,INS_03,50,2
BATCH_50934,2026-07-06,INS_01,50,1
BATCH_50935,2026-07-07,INS_01,50,2
BATCH_50936,2026-07-07,INS_01,50,0
BATCH_50937,2026-07-07,INS_03,50,1
BATCH_50938,2026-07-07,INS_02,50,1
BATCH_50939,2026-07-07,INS_02,50,2
BATCH_50940,2026-07-08,INS_02,50,5
BATCH_50941,2026-07-08,INS_01,50,3
BATCH_50942,2026-07-08,INS_03,50,3
BATCH_50943,2026-07-08,INS_01,50,2
BATCH_50944,2026-07-08,INS_02,50,3
BATCH_50945,2026-07-09,INS_02,50,1
BATCH_50946,2026-07-09,INS_03,50,3
BATCH_50947,2026-07-09,INS_01,50,6
BATCH_50948,2026-07-09,INS_04,50,1
BATCH_50949,2026-07-09,INS_04,50,2
BATCH_50950,2026-07-10,INS_02,50,3
BATCH_50951,2026-07-10,INS_03,50,4
BATCH_50952,2026-07-10,INS_01,50,3
BATCH_50953,2026-07-10,INS_01,50,1
BATCH_50954,2026-07-10,INS_02,50,1
BATCH_50955,2026-07-11,INS_02,50,0
BATCH_50956,2026-07-11,INS_01,50,3
BATCH_50957,2026-07-11,INS_01,50,0
BATCH_50958,2026-07-11,INS_02,50,4
BATCH_50959,2026-07-11,INS_01,50,0
BATCH_50960,2026-07-12,INS_04,50,1
BATCH_50961,2026-07-12,INS_02,50,2
BATCH_50962,2026-07-12,INS_01,50,3
BATCH_50963,2026-07-12,INS_02,50,1
BATCH_50964,2026-07-12,INS_03,50,2
BATCH_50965,2026-07-13,INS_02,50,2
BATCH_50966,2026-07-13,INS_02,50,1
BATCH_50967,2026-07-13,INS_03,50,0
BATCH_50968,2026-07-13,INS_04,50,3
BATCH_50969,2026-07-13,INS_01,50,2
BATCH_50970,2026-07-14,INS_03,50,0
BATCH_50971,2026-07-14,INS_02,50,3
BATCH_50972,2026-07-14,INS_01,50,5
BATCH_50973,2026-07-14,INS_03,50,2
BATCH_50974,2026-07-14,INS_01,50,2
BATCH_50975,2026-07-15,INS_01,50,4
BATCH_50976,2026-07-15,INS_03,50,5
BATCH_50977,2026-07-15,INS_01,50,3
BATCH_50978,2026-07-15,INS_04,50,2
BATCH_50979,2026-07-15,INS_03,50,2
BATCH_50980,2026-07-16,INS_04,50,3
BATCH_50981,2026-07-16,INS_02,50,1
BATCH_50982,2026-07-16,INS_01,50,2
BATCH_50983,2026-07-16,INS_02,50,3
BATCH_50984,2026-07-16,INS_02,50,2
BATCH_50985,2026-07-17,INS_01,50,2
BATCH_50986,2026-07-17,INS_03,50,2
BATCH_50987,2026-07-17,INS_01,50,0
BATCH_50988,2026-07-17,INS_02,50,2
BATCH_50989,2026-07-17,INS_02,50,3
BATCH_50990,2026-07-18,INS_03,50,1
BATCH_50991,2026-07-18,INS_01,50,1
BATCH_50992,2026-07-18,INS_02,50,4
BATCH_50993,2026-07-18,INS_04,50,1
BATCH_50994,2026-07-18,INS_02,50,1
BATCH_50995,2026-07-19,INS_02,50,5
BATCH_50996,2026-07-19,INS_03,50,3
BATCH_50997,2026-07-19,INS_04,50,3
BATCH_50998,2026-07-19,INS_02,50,3
BATCH_50999,2026-07-19,INS_02,50,0
